timestamp,rubro,tamano,tama_o,_cual_fue_el___total_de_aumento_salarial_en_julio_,_cual___total_de_aumento_salarial_estima_para_el_m,_cual_fue_el___total_de_aumento_salarial_acumulado,_qu____de_aumento_salarial_estima_dar_la_empresa_e,indicador_aumentos,otro_indicador,cantidad_aumentos_2025,prevision_incorporacion,prevision_reduccion,_,salario_ceo,"游녻 ASISTENTE DE GERENTE GENERAL: Responsabilidad de llevar agenda laboral del Gerente General y su equipo de gerentes / directores. Gestionar y  atender llamadas, correos, correspondencia, participaci칩n de eventos, etc. Participar de las reuniones de directorio, armar presentaciones, gestionar sala y equipos. Coordinar viajes, pasajes, traslados y estad칤as [Escribir el SUELDO BRUTO MENSUAL ej. 100000 sin puntos ni comas / En caso de no tener alguna posici칩n similar en la empresa escribir el valor -> 0] ",salario_director_comercial,salario_gerente_ventas,salario_jefe_ventas,salario_ejecutivo_ventas,salario_analista_ecommerce,salario_analista_facturacion,salario_gerente_marketing,salario_jefe_marketing,salario_analista_marketing,salario_gerente_comex,salario_responsable_comex,salario_asistente_comex,salario_atencion_cliente,salario_jefe_hospitalidad,salario_guia_turismo,salario_jefe_alimentos_bebidas,salario_chef_ejecutivo,salario_jefe_salon,salario_gerente_ops_hotel,salario_jefe_recepcion_hotel,salario_recepcionista_hotel,salario_concierge,salario_director_admin_finanzas,salario_gerente_admin_conta,salario_jefe_admin_conta,salario_analista_contabilidad,salario_jefe_impuestos,salario_analista_impuestos,salario_jefe_finanzas,salario_analista_cuentas_pagar,salario_empleado_administrativo,salario_jefe_creditos_cobranzas,salario_analista_cobranzas,salario_jefe_control_gestion,salario_analista_control_gestion,salario_auditor_interno,salario_recepcionista,salario_director_operaciones,salario_gerente_planta,salario_jefe_produccion,salario_ingeniero_procesos,salario_supervisor_produccion,salario_analista_produccion,salario_gerente_enologia,salario_jefe_bodega,salario_supervisor_bodega,salario_gerente_agricola,salario_ingeniero_agronomo,salario_supervisor_fincas,salario_jefe_laboratorio,salario_analista_laboratorio,salario_gerente_supply_chain,salario_jefe_planificacion,salario_jefe_logistica,salario_analista_logistica,salario_supervisor_depositos,salario_gerente_compras,salario_jefe_compras,salario_comprador_analista,salario_gerente_mantenimiento,salario_jefe_mantenimiento,salario_supervisor_mantenimiento,salario_tecnico_mantenimiento,salario_gerente_calidad,salario_jefe_calidad,salario_analista_calidad,salario_tecnico_calidad,salario_dise침ador_grafico,salario_responsable_sustentabilidad,salario_gerente_seguridad,salario_jefe_seguridad,salario_tecnico_seguridad,salario_jefe_ingenieria,salario_ingeniero_proyectos,salario_asistente_proyecto,salario_jefe_obra,salario_supervisor_obra,salario_director_rrhh,salario_gerente_rrhh,salario_jefe_rrhh,salario_responsable_liquidacion,salario_analista_admin_personal,salario_jefe_seleccion,salario_analista_seleccion,salario_analista_capacitacion,salario_director_it,salario_gerente_it,salario_jefe_desarrollo,salario_programador,salario_analista_funcional,salario_jefe_redes,salario_tecnico_redes,salario_jefe_soporte,salario_analista_helpdesk,salario_joven_profesional,salario_pasante,游꾸 Bonus GERENTE GENERAL (Los bonus estan expresados en cantidad de sueldos mensuales),bonus_directores,bonus_gerentes,bonus_jefes,bonus_supervisores,bonus_analistas,benef_medicina_prepaga,benef_reintegro_medicamentos,benef_prestamos,benef_almuerzo,benef_gimnasio,benef_gift_card,benef_red_descuentos,benef_descuento_productos,benef_combustible,benef_cochera,benef_auto_gerentes,benef_auto_vendedores,benef_gastos_auto,benef_tarjeta_credito,benef_colegio,benef_pension,benef_pago_dolares,benef_posgrados,benef_coaching,benef_idiomas,benef_internet,benef_vacaciones_adicionales,benef_home_office,benef_dia_flex,benef_cumpleanos,benef_maternidad,benef_paternidad,benef_after_office,benef_integracion,comentarios_beneficios,sugerencias_puestos,comentarios_generales,categoria_tamano,rubro_corto
2024-08-05 14:36:32.806,"Energ칤a, Petroleo, Miner칤a, Servicios relacionados",+ 500 empleados,Grande,1 - 10%,1 - 10%,81 - 90%,141 - 150%,Mismo % que se negocie con el gremio (paritarias),0,9,"Si, a lo largo de todo el a침o",No tenemos previsto reducir puestos fuera de convenio en 2024,-,9000000.0,1050000,,,,,,1350000.0,,,,,,,,,,,,,,,,,,3670000.0,2500000.0,1480000.0,,,2500000.0,,,,,2430000.0,,1460000.0,,,,3520000.0,,2460000.0,1880000.0,,,,,,,,,,,2330000.0,1480000.0,2200000.0,3660000.0,2640000.0,1100000.0,2800000.0,2000000.0,2000000.0,1430000.0,,,,1680000.0,,,3600000.0,2800000.0,1650000.0,3980000.0,3450000.0,1650000.0,2890000.0,2300000.0,7500000.0,3840000.0,,2150000.0,1780000.0,,,,,,,,,,,,,,,1 sueldo,3 sueldos,2 sueldos,1 sueldo,No tenemos asignado bonus a este nivel jer치rquico,No tenemos asignado bonus a este nivel jer치rquico,Otorgamos SOLO a Directores y Gerentes,No,No,Si,No,No,No,No,Si,Si,Si,No,Si,No,No,No,No,Si,En an치lisis / desarrollo,No,No,No,Si,No,No,No,No,No,No,0,,,Grande,Energ칤a y Miner칤a
2024-08-07 12:51:20.018,Industria,+ 500 empleados,Grande,11 - 20%,No daremos aumentos en el mes de Agosto 2024,> 120%,> 200%,IPC Nacional,No,6,No tenemos previsto incorporar nuevos puestos fuera de convenio en 2024,No tenemos previsto reducir puestos fuera de convenio en 2024,-,16520639.0,1186060,11047706.0,5824248.0,2288449.0,1980276.0,,1201251.0,8244766.0,3291773.0,2075435.0,6439789.0,,1420632.0,,2557613.0,952120.0,1300000.0,2050000.0,1100000.0,3701096.0,1550000.0,952120.0,,9820000.0,4264447.0,2605926.0,1057268.0,2822681.0,,,,967794.0,2908768.0,1309270.0,,920708.0,,,9802070.0,4950000.0,2262449.0,3390559.0,2000000.0,,5675939.0,2402948.0,1307930.0,5367914.0,2174458.0,1352754.0,1234051.0,969290.0,6700000.0,1398906.0,2497383.0,,1596398.0,4564648.0,1939591.0,1193062.0,4508297.0,1999637.0,1778016.0,,2755290.0,1569753.0,1330507.0,,,4750089.0,,1330832.0,,,,,,,,4220633.0,2951570.0,1811284.0,1072233.0,2488222.0,1388247.0,,,,,,,2576172.0,1097785.0,1890000.0,,,,4 sueldos,4 sueldos,4 sueldos,3 sueldos,3 sueldos,No tenemos asignado bonus a este nivel jer치rquico,Otorgamos a TODOS los niveles Directores - Gerentes - Jefes - Supervisores - Analista - Empleados,No,No,Si,Si,Si,No,Si,Si,No,Si,No,Si,Si,No,No,No,No,No,Si,No,Si,Si,Si,No,No,No,No,Si,"cajas navide침as, celebraci칩n/regalo d칤as festivos (padre, madre, flia)",,,Grande,Industria
2024-08-21 15:51:08.631,Otro Rubro,+ 500 empleados,Grande,1 - 10%,No daremos aumentos en el mes de Agosto 2024,21 - 30%,No tenemos definido a칰n que aumento dar en todo el a침o 2024,Mismo % que se negocie con el gremio (paritarias),0,No esta definido todav칤a,No tenemos previsto incorporar nuevos puestos fuera de convenio en 2024,No tenemos previsto reducir puestos fuera de convenio en 2024,-,,1200000,,,1522000.0,1200000.0,,1166000.0,,,1200000.0,,,,1018000.0,,,,,,,,,,,,1522000.0,1166000.0,1922000.0,1166000.0,1522000.0,1166000.0,870000.0,1800000.0,1081000.0,1329000.0,1081000.0,1522000.0,870000.0,,,,,,,,,,,,,,,,,,,,,,,,,,,,,,,,,,,,1800000.0,,1522000.0,,,,,1800000.0,1522000.0,1200000.0,1522000.0,120000.0,1300000.0,8600000.0,,,,1522000.0,1800000.0,1081000.0,1522000.0,1081000.0,,,No tenemos asignado bonus a este nivel jer치rquico,No tenemos asignado bonus a este nivel jer치rquico,No tenemos asignado bonus a este nivel jer치rquico,No tenemos asignado bonus a este nivel jer치rquico,No tenemos asignado bonus a este nivel jer치rquico,No tenemos asignado bonus a este nivel jer치rquico,NO otorgamos el beneficio de Medicina Prepaga a ning칰n empleado,No,No,Si,No,No,No,Si,No,No,No,Si,Si,No,No,No,No,Si,Si,No,No,No,Si,No,Si,No,No,No,No,0,,,Grande,Otro Rubro
2024-08-21 17:50:43.949,Comercio,+ 500 empleados,Grande,1 - 10%,1 - 10%,21 - 30%,50 - 60%,IPC Nacional,.,8,"Si, a lo largo de todo el a침o",No tenemos previsto reducir puestos fuera de convenio en 2024,-,9900000.0,1750000,7500000.0,7000000.0,2000000.0,1500000.0,950000.0,950000.0,5000000.0,2000000.0,7500000.0,,,,900000.0,,,,,,,,,,5000000.0,3000000.0,,800000.0,1500000.0,1600000.0,,800000.0,700000.0,,,,,1800000.0,,7500000.0,,2000000.0,2000000.0,1500000.0,800000.0,4890000.0,,,,,,,,,,,,2500000.0,,,1500000.0,2900000.0,3000000.0,,900000.0,,,,,,,,,1500000.0,,,,,,,4120000.0,,2000000.0,900000.0,1800000.0,800000.0,800000.0,7900000.0,3500000.0,,2000000.0,900000.0,,1600000.0,,,1200000.0,,No tenemos asignado bonus a este nivel jer치rquico,No tenemos asignado bonus a este nivel jer치rquico,No tenemos asignado bonus a este nivel jer치rquico,No tenemos asignado bonus a este nivel jer치rquico,No tenemos asignado bonus a este nivel jer치rquico,No tenemos asignado bonus a este nivel jer치rquico,Otorgamos SOLO a Directores - Gerentes - Jefes,No,Si,No,No,Si,No,Si,No,Si,Si,No,Si,Si,No,No,No,No,No,No,No,No,No,Si,No,No,No,No,Si,.,.,.,Grande,Comercio
2024-08-23 09:04:22.611,Industria,+ 500 empleados,Grande,1 - 10%,1 - 10%,> 120%,191 - 200%,Mismo % que se negocie con el gremio (paritarias),IPC NACIONAL,10,"Si, a lo largo de todo el a침o",No tenemos previsto reducir puestos fuera de convenio en 2024,-,9340000.0,,8200000.0,,,,,1200000.0,,,,,1540000.0,1340000.0,,,,,,,,,,,8200000.0,,2700000.0,1340000.0,1650000.0,,,1190000.0,,,1190000.0,,,1700000.0,,8800000.0,3900000.0,2500000.0,1800000.0,1340000.0,1100000.0,,,,2600000.0,1800000.0,1500000.0,2000000.0,1400000.0,5600000.0,1870000.0,1650000.0,1200000.0,1450000.0,,,1340000.0,,2100000.0,1700000.0,1340000.0,,2700000.0,1800000.0,1200000.0,,,,,1340000.0,,,,,,,,1850000.0,1340000.0,1100000.0,,,,,,,,,,,,,,,2 sueldos,2 sueldos,2 sueldos,"1,5 sueldos","1,5 sueldos",1 sueldo,NO otorgamos el beneficio de Medicina Prepaga a ning칰n empleado,No,No,Si,No,No,No,En an치lisis / desarrollo,Si,Si,Si,No,No,Si,No,No,No,No,No,No,No,En an치lisis / desarrollo,No,En an치lisis / desarrollo,En an치lisis / desarrollo,No,No,En an치lisis / desarrollo,No,-,,,Grande,Industria
2024-08-07 15:05:42.728,Industria,201 - 500 empleados,Grande,No dimos aumentos en el mes de Julio 2024,1 - 10%,81 - 90%,191 - 200%,IPC Nacional,Ninguno,9,No tenemos previsto incorporar nuevos puestos fuera de convenio en 2024,No tenemos previsto reducir puestos fuera de convenio en 2024,-,20141951.0,3115163,14353663.0,9876520.0,,,1433929.0,2166904.0,,,,7918642.0,2694272.0,,,,,,,,,,,,12535822.0,12590061.0,4693140.0,2323566.0,3453416.0,2296309.0,5411312.0,1366427.0,,4803939.0,2531947.0,5278013.0,2567741.0,,,14369561.0,12439207.0,6431102.0,2996000.0,4048305.0,4158702.0,,,,,,,3262813.0,2592047.0,14216490.0,5827307.0,7516768.0,2500000.0,5383766.0,3732770.0,3998833.0,2359198.0,,6400233.0,3509677.0,,,,,,,,,4090574.0,1606653.0,3503252.0,2530337.0,2357504.0,,,12861625.0,7344733.0,4121940.0,3101346.0,1688950.0,,,,11755771.0,4123394.0,3155411.0,,1785053.0,,3480623.0,2350000.0,1765161.0,1500000.0,510000.0,6 sueldos,4 sueldos,3 sueldos,3 sueldos,2 sueldos,1 sueldo,Otorgamos a TODOS los niveles Directores - Gerentes - Jefes - Supervisores - Analista - Empleados,Si,Si,Si,Si,No,Si,No,Si,Si,Si,Si,Si,Si,No,No,No,Si,No,Si,No,No,Si,Si,Si,Si,No,Si,No,Niguno,No por el momento,No por el momento,Grande,Industria
2024-08-08 09:13:03.863,Otro Rubro,201 - 500 empleados,Grande,11 - 20%,No daremos aumentos en el mes de Agosto 2024,101 - 110%,No tenemos definido a칰n que aumento dar en todo el a침o 2024,Mismo % que se negocie con el gremio (paritarias),0,8,No tenemos previsto incorporar nuevos puestos fuera de convenio en 2024,No tenemos previsto reducir puestos fuera de convenio en 2024,-,,1336506,,6064538.0,3586521.0,3721100.0,,1457727.0,,3251824.0,1417867.0,,,,1573479.0,,,,,,,,,,,5154854.0,3251824.0,1775389.0,2272912.0,,,1249484.0,1423020.0,,1467488.0,,1849021.0,,1073475.0,,,,,,,,,,,,,,,,,,,,,,1143629.0,,,2120050.0,805214.0,,,,,1318460.0,,,,,,,,,,,,3163049.0,1560837.0,,,1502308.0,1502308.0,,,,,,,,,1196774.0,,318601.0,No tenemos asignado bonus a este nivel jer치rquico,No tenemos asignado bonus a este nivel jer치rquico,3 sueldos,1 sueldo,No tenemos asignado bonus a este nivel jer치rquico,No tenemos asignado bonus a este nivel jer치rquico,NO otorgamos el beneficio de Medicina Prepaga a ning칰n empleado,No,No,No,Si,Si,Si,Si,No,Si,No,Si,No,No,No,No,No,Si,Si,No,No,No,No,No,Si,No,No,Si,Si,0,0,0,Grande,Otro Rubro
2024-08-08 11:37:37.967,Comercio,201 - 500 empleados,Grande,1 - 10%,1 - 10%,31 - 40%,No tenemos definido a칰n que aumento dar en todo el a침o 2024,Mismo % que se negocie con el gremio (paritarias),Gremio,No esta definido todav칤a,"Si, a lo largo de todo el a침o",No tenemos previsto reducir puestos fuera de convenio en 2024,-,14000000.0,1420000,,5500000.0,2100000.0,1815000.0,1940000.0,920000.0,,,,,,,790000.0,,,,,,,,,,7000000.0,7000000.0,1300000.0,1100000.0,,,1100000.0,750000.0,710000.0,,,,,,,,3000000.0,1100000.0,,,700000.0,,,,,,,,,,,1100000.0,900000.0,900000.0,4100000.0,1090000.0,700000.0,,,,,,,,,,,,,,,,,,,,,970000.0,,,,,,,,,800000.0,700000.0,,,,,,,No tenemos asignado bonus a este nivel jer치rquico,No tenemos asignado bonus a este nivel jer치rquico,1 sueldo,1 sueldo,No tenemos asignado bonus a este nivel jer치rquico,No tenemos asignado bonus a este nivel jer치rquico,Otorgamos SOLO a Directores - Gerentes - Jefes,No,No,Si,No,No,Si,Si,No,No,No,No,No,Si,No,No,No,No,No,No,No,No,No,Si,No,No,No,No,No,No hay beneficios por el momento ,Ninguno ,Ninguna ,Grande,Comercio
2024-08-09 17:00:06.888,"Energ칤a, Petroleo, Miner칤a, Servicios relacionados",201 - 500 empleados,Grande,No dimos aumentos en el mes de Julio 2024,1 - 10%,41 - 50%,91 - 100%,IPC Nacional,0,4,"Si, a lo largo de todo el a침o",No tenemos previsto reducir puestos fuera de convenio en 2024,-,12000000.0,,,,,,,,,,,,,,,,,,,,,,,,,6000000.0,,1425000.0,,,,1200000.0,1000000.0,,,,1200000.0,,826300.0,,9400000.0,,,,,,,,,,,,,,,1320000.0,1100000.0,,,2450000.0,1000000.0,6400000.0,,,,,,,,,,3517000.0,,1202700.0,,,,,,,3989000.0,,,1000000.0,,,,,,,,,,,,1212000.0,,,No tenemos asignado bonus a este nivel jer치rquico,No tenemos asignado bonus a este nivel jer치rquico,No tenemos asignado bonus a este nivel jer치rquico,No tenemos asignado bonus a este nivel jer치rquico,No tenemos asignado bonus a este nivel jer치rquico,No tenemos asignado bonus a este nivel jer치rquico,Otorgamos a TODOS los niveles Directores - Gerentes - Jefes - Supervisores - Analista - Empleados,No,No,Si,Si,En an치lisis / desarrollo,En an치lisis / desarrollo,No,Si,Si,Si,No,Si,Si,No,No,Si,Si,Si,Si,No,No,No,Si,Si,No,No,Si,Si,0,0,0,Grande,Energ칤a y Miner칤a
2024-08-19 17:36:15.474,Industria,201 - 500 empleados,Grande,11 - 20%,No daremos aumentos en el mes de Agosto 2024,> 120%,> 200%,IPC Nacional,No,4,"Si, en el segundo semestre",No tenemos previsto reducir puestos fuera de convenio en 2024,-,13900000.0,,,8250000.0,3025000.0,,,,,3361000.0,,,,,,,1350000.0,,,,,,,,,4142000.0,,1412000.0,2530000.0,,2800000.0,1380000.0,,,1580000.0,,1149000.0,,,,5470000.0,2570000.0,1480000.0,1600000.0,1350000.0,5200000.0,2530000.0,1250000.0,6450000.0,2400000.0,1400000.0,,1430000.0,,2900000.0,,1200000.0,1700000.0,,4020000.0,1360000.0,,3132000.0,1732000.0,1314000.0,3200000.0,3920000.0,1478000.0,1134000.0,,,,2984000.0,1100000.0,,,,,,,4550864.0,,,1630000.0,1700000.0,,1030000.0,,,,,,,,,,,700000.0,4 sueldos,4 sueldos,2 sueldos,"1,5 sueldos","1,5 sueldos",1 sueldo,Otorgamos a TODOS los niveles Directores - Gerentes - Jefes - Supervisores - Analista - Empleados,No,No,Si,En an치lisis / desarrollo,No,No,Si,No,Si,Si,Si,No,Si,No,No,No,Si,Si,Si,No,Si,Si,Si,Si,En an치lisis / desarrollo,En an치lisis / desarrollo,Si,Si,Dias Flex bajon1 plataforma por puntos anuales conforme antiguedad,,,Grande,Industria
2024-08-19 18:07:10.095,Industria,201 - 500 empleados,Grande,11 - 20%,No daremos aumentos en el mes de Agosto 2024,111 - 120%,141 - 150%,Tomamos otro indicador / par치metro para dar los aumentos (indicar abajo),CPE UCEMA,5,No tenemos previsto incorporar nuevos puestos fuera de convenio en 2024,No tenemos previsto reducir puestos fuera de convenio en 2024,-,12600000.0,,9600000.0,,3600000.0,1576000.0,1780000.0,1079000.0,11000000.0,1668000.0,1315000.0,4800000.0,2350000.0,1615000.0,1150000.0,2355000.0,980000.0,2130000.0,3600000.0,980000.0,2250000.0,1401000.0,1150000.0,1600000.0,,3870000.0,1586000.0,983000.0,,,1650000.0,1053000.0,923000.0,,,2610000.0,1370000.0,1989000.0,,8000000.0,3200000.0,2350000.0,,1230000.0,890000.0,6000000.0,2250000.0,1235000.0,2800000.0,1571000.0,1029000.0,,1129000.0,6400000.0,2350000.0,1404000.0,981000.0,,,1512000.0,,,,1546000.0,,,1597000.0,,,1315000.0,,,,,,,,,,,,,1369000.0,1286000.0,,,,,,,,,,,,923000.0,1350000.0,,6 sueldos,3 sueldos,1 sueldo,1 sueldo,1 sueldo,No tenemos asignado bonus a este nivel jer치rquico,Otorgamos a TODOS los niveles Directores - Gerentes - Jefes - Supervisores - Analista - Empleados,No,No,Si,No,No,No,Si,Si,Si,No,No,Si,Si,No,No,Si,No,No,No,No,No,Si,No,Si,No,No,No,No,no,no,no,Grande,Industria
2024-08-20 12:56:43.553,"Energ칤a, Petroleo, Miner칤a, Servicios relacionados",201 - 500 empleados,Grande,1 - 10%,No esta definido por el momento el aumento en Agosto 2024,91 - 100%,No tenemos definido a칰n que aumento dar en todo el a침o 2024,No los tenemos definido todav칤a (lo vemos mes a mes),.,No esta definido todav칤a,"Si, a lo largo de todo el a침o",No tenemos previsto reducir puestos fuera de convenio en 2024,-,11995604.0,1260740,,,,,,1088088.0,,,,,,,,,,,,,,,,,,6746706.0,3800656.0,1088088.0,,,,1088088.0,,,,,1130683.0,,875110.0,,9774196.0,5984055.0,,,,,,,,,,,,,,,,,,,1479459.0,,,,1108955.0,,2358394.0,1431378.0,,,,,,1288584.0,3467861.0,4048105.0,1486466.0,,1996604.0,6800000.0,5109925.0,3453943.0,2238332.0,1431920.0,,1616925.0,1580241.0,,,,,1463630.0,,,,1373758.0,,,4 sueldos,No tenemos asignado bonus a este nivel jer치rquico,4 sueldos,3 sueldos,2 sueldos,1 sueldo,Otorgamos a TODOS los niveles Directores - Gerentes - Jefes - Supervisores - Analista - Empleados,No,En an치lisis / desarrollo,Si,Si,Si,No,No,No,No,Si,No,En an치lisis / desarrollo,Si,No,No,Si,Si,Si,Si,No,Si,Si,Si,Si,No,Si,No,Si,Sorteos por colaborar con las pr치cticas de sustentabilidad,T칠cnico en laboratorio. T칠cnico de campo. T칠cnico de oficina. Supervisor electr칩mecanico. Supervisor de minas UG. Supervisor de planificaci칩n y control. Analista de propuestas. Supervisor de topograf칤a. Analista de gesti칩n de proyecto. Coordinador de gesti칩n de proyecto. Ingeniero de oficina. Ingeniero de campo. Supervisor civil. ,,Grande,Energ칤a y Miner칤a
2024-08-22 15:38:08.931,"Gastronom칤a, Hoteler칤a y Turismo",201 - 500 empleados,Grande,No dimos aumentos en el mes de Julio 2024,1 - 10%,81 - 90%,No tenemos definido a칰n que aumento dar en todo el a침o 2024,No los tenemos definido todav칤a (lo vemos mes a mes),-,No esta definido todav칤a,No tenemos previsto incorporar nuevos puestos fuera de convenio en 2024,No tenemos previsto reducir puestos fuera de convenio en 2024,-,14746000.0,,,,3329000.0,1990000.0,,,,1550000.0,1100000.0,5200000.0,,,900000.0,1670000.0,,1419000.0,1980000.0,1200000.0,2900000.0,1670000.0,1000000.0,,,2096000.0,1236000.0,1043000.0,,1043000.0,,920000.0,860000.0,,,,,,,,3834000.0,,,,,,,,,,,,,,,,,,,,,,1370000.0,1100000.0,950000.0,,,,,,,,,,,,,,,,2100000.0,1236000.0,1080000.0,860000.0,1236000.0,860000.0,,,,1450000.0,1150000.0,,,,,,,,No tenemos asignado bonus a este nivel jer치rquico,No tenemos asignado bonus a este nivel jer치rquico,No tenemos asignado bonus a este nivel jer치rquico,No tenemos asignado bonus a este nivel jer치rquico,No tenemos asignado bonus a este nivel jer치rquico,No tenemos asignado bonus a este nivel jer치rquico,Otorgamos SOLO a Directores y Gerentes,No,No,Si,No,No,Si,No,No,Si,No,No,No,No,No,No,No,No,No,No,No,No,En an치lisis / desarrollo,Si,Si,Si,Si,No,No,-,-,-,Grande,Gastronom칤a y Turismo
2024-08-22 17:28:26.426,Industria,201 - 500 empleados,Grande,No dimos aumentos en el mes de Julio 2024,1 - 10%,81 - 90%,121 - 130%,IPC Nacional,-,8,No tenemos previsto incorporar nuevos puestos fuera de convenio en 2024,No tenemos previsto reducir puestos fuera de convenio en 2024,-,,,,,2700000.0,2000000.0,1200000.0,850000.0,,1900000.0,910000.0,,,,900000.0,2500000.0,1200000.0,,,,,,,,,,1600000.0,1000000.0,1200000.0,,2400000.0,950000.0,850000.0,2100000.0,950000.0,2400000.0,1390000.0,1800000.0,,,,1400000.0,1800000.0,950000.0,,,1700000.0,950000.0,3200000.0,1600000.0,900000.0,1200000.0,800000.0,8700000.0,1400000.0,1400000.0,1200000.0,950000.0,,1300000.0,1000000.0,,1500000.0,1100000.0,1070000.0,,2100000.0,1800000.0,800000.0,950000.0,2100000.0,,,1000000.0,1800000.0,1500000.0,800000.0,2250000.0,,,,2300000.0,1400000.0,1000000.0,2300000.0,,,,,,1500000.0,1000000.0,,,,,,,No tenemos asignado bonus a este nivel jer치rquico,No tenemos asignado bonus a este nivel jer치rquico,No tenemos asignado bonus a este nivel jer치rquico,2 sueldos,2 sueldos,1 sueldo,Otorgamos a TODOS los niveles Directores - Gerentes - Jefes - Supervisores - Analista - Empleados,No,No,Si,No,No,No,Si,Si,Si,Si,Si,Si,Si,No,No,No,Si,Si,Si,No,No,Si,No,Si,No,No,Si,Si,-,-,-,Grande,Industria
2024-08-22 19:45:56.123,Otro Rubro,201 - 500 empleados,Grande,11 - 20%,No daremos aumentos en el mes de Agosto 2024,21 - 30%,No tenemos definido a칰n que aumento dar en todo el a침o 2024,Mismo % que se negocie con el gremio (paritarias),No,6,"Si, a lo largo de todo el a침o",No tenemos previsto reducir puestos fuera de convenio en 2024,-,16000000.0,,,4345234.0,2132000.0,1800000.0,,,,1840000.0,1600000.0,4800000.0,,,600000.0,,,,,,,,,,,5000000.0,2400000.0,,1937000.0,,,,,1100000.0,,,,,500000.0,,,,,,,,,,,,,,,,,,,,,,,,,,,,,,,,2700000.0,,,,,,,,,,2000000.0,,750000.0,,,,,,,,,,,,,,,,No tenemos asignado bonus a este nivel jer치rquico,No tenemos asignado bonus a este nivel jer치rquico,No tenemos asignado bonus a este nivel jer치rquico,No tenemos asignado bonus a este nivel jer치rquico,No tenemos asignado bonus a este nivel jer치rquico,No tenemos asignado bonus a este nivel jer치rquico,NO otorgamos el beneficio de Medicina Prepaga a ning칰n empleado,No,En an치lisis / desarrollo,No,No,No,No,Si,No,Si,No,No,No,No,No,No,No,No,No,No,No,No,No,No,Si,Si,Si,No,No,No,,,Grande,Otro Rubro
2024-08-23 08:38:52.435,Industria,201 - 500 empleados,Grande,No dimos aumentos en el mes de Julio 2024,11 - 20%,81 - 90%,191 - 200%,IPC Nacional,Nivelaci칩n para algunas posiciones,9,No tenemos previsto incorporar nuevos puestos fuera de convenio en 2024,No tenemos previsto reducir puestos fuera de convenio en 2024,-,20141951.0,2115163,14353663.0,9876520.0,4433929.0,2285473.0,1856503.0,2166904.0,,,,,2694272.0,1509943.0,,,,,,,,,,,12535822.0,12590061.0,4693140.0,2323566.0,5453416.0,2559145.0,5411312.0,1366427.0,,4803939.0,2531947.0,3278013.0,2567741.0,,,14369561.0,10439207.0,6431102.0,2996000.0,4048305.0,2773168.0,,,,,,,6750160.0,2592047.0,14216490.0,5827307.0,3620173.0,1980000.0,1890000.0,,3750000.0,3998833.0,,6400233.0,4042357.0,,,,,,,,,4090574.0,1606653.0,4378956.0,2704227.0,,,,12861625.0,,7344733.0,3101346.0,1688950.0,4121940.0,,,9500000.0,,4123394.0,,2765161.0,,,,1785053.0,1605000.0,510775.0,6 sueldos,4 sueldos,2 sueldos,2 sueldos,1 sueldo,1 sueldo,Otorgamos a TODOS los niveles Directores - Gerentes - Jefes - Supervisores - Analista - Empleados,Si,Si,Si,Si,No,Si,No,Si,Si,Si,Si,Si,Si,No,No,No,Si,Si,Si,No,Si,Si,Si,Si,Si,Si,Si,Si,Ninguno,Ninguno,Ninguno,Grande,Industria
2024-08-24 20:58:34.339,Industria,201 - 500 empleados,Grande,11 - 20%,1 - 10%,> 120%,> 200%,Mismo % que se negocie con el gremio (paritarias),No,10,"Si, a lo largo de todo el a침o",No tenemos previsto reducir puestos fuera de convenio en 2024,-,16000000.0,,9500000.0,5000000.0,3450000.0,2500000.0,,1500000.0,6200000.0,,1800000.0,,,,1100000.0,,,,,,3500000.0,,,,,4500000.0,2600000.0,1500000.0,2500000.0,1500000.0,,1500000.0,1000000.0,,1500000.0,1800000.0,1400000.0,,800000.0,,3500000.0,2300000.0,,1800000.0,1200000.0,3800000.0,,,,,,,,,,2000000.0,950000.0,1200000.0,4050000.0,,1300000.0,,2500000.0,1800000.0,1400000.0,3500000.0,2200000.0,1000000.0,900000.0,,,,,1500000.0,2400000.0,2000000.0,1000000.0,2300000.0,1500000.0,,4000000.0,,1800000.0,1200000.0,1800000.0,,950000.0,,4000000.0,,2300000.0,1500000.0,1800000.0,1000000.0,,,,300000.0,2 sueldos,2 sueldos,2 sueldos,"1,5 sueldos",1 sueldo,1 sueldo,Otorgamos SOLO a Directores - Gerentes - Jefes,No,Si,Si,No,No,Si,Si,No,Si,No,No,No,No,No,No,No,No,Si,No,No,Si,En an치lisis / desarrollo,Si,No,En an치lisis / desarrollo,En an치lisis / desarrollo,Si,Si,-,-,-,Grande,Industria
2024-08-26 19:19:56.071,Comercio,201 - 500 empleados,Grande,1 - 10%,1 - 10%,101 - 110%,151 - 160%,Mismo % que se negocie con el gremio (paritarias),0,10,"Si, a lo largo de todo el a침o",No tenemos previsto reducir puestos fuera de convenio en 2024,-,,,,7000000.0,4000000.0,1400000.0,,1200000.0,,2800000.0,,,,,980000.0,,,,,,,,,,,,1800000.0,960000.0,,1260000.0,,980000.0,900000.0,,980000.0,2000000.0,1400000.0,1700000.0,1000000.0,,5000000.0,1800000.0,,1500000.0,1100000.0,,,,,,,,,,,,1100000.0,1500000.0,2500000.0,1600000.0,1300000.0,,2300000.0,,900000.0,,1900000.0,980000.0,,,,,,,,,,,,,2300000.0,,1400000.0,,,1300000.0,,,,2500000.0,,1300000.0,,,,,,,No tenemos asignado bonus a este nivel jer치rquico,No tenemos asignado bonus a este nivel jer치rquico,2 sueldos,"1,5 sueldos",No tenemos asignado bonus a este nivel jer치rquico,No tenemos asignado bonus a este nivel jer치rquico,Otorgamos SOLO a Directores - Gerentes - Jefes,No,Si,No,No,Si,No,Si,Si,Si,Si,No,Si,No,No,No,No,Si,Si,No,No,No,No,Si,No,No,No,Si,No,0,,,Grande,Comercio
2024-08-27 09:18:56.268,Salud,201 - 500 empleados,Grande,No dimos aumentos en el mes de Julio 2024,11 - 20%,61 - 70%,111 - 120%,IPC Nacional,0,9,No tenemos previsto incorporar nuevos puestos fuera de convenio en 2024,No tenemos previsto reducir puestos fuera de convenio en 2024,-,,,,,3855005.0,2096490.0,,,,3166662.0,1200000.0,,,,1100000.0,,,,,,,,,,,6178000.0,2708533.0,,,,,1200000.0,905000.0,,,,,,,,6200000.0,2903043.0,,,,,,,,,,,,,,,,,,3215619.0,,,1273836.0,,,,,,,,,,,,,,,,,,6100000.0,2158000.0,,1200000.0,,,,,6100000.0,,2042000.0,,2897495.0,,,1100000.0,850000.0,,1 sueldo,No tenemos asignado bonus a este nivel jer치rquico,1 sueldo,1 sueldo,1 sueldo,No tenemos asignado bonus a este nivel jer치rquico,Otorgamos SOLO a Directores - Gerentes - Jefes,Si,Si,No,No,No,No,Si,Si,No,No,No,No,No,No,No,No,En an치lisis / desarrollo,No,No,No,No,No,No,No,No,No,Si,No,0,0,0,Grande,Salud
2024-08-27 20:09:04.376,Industria,201 - 500 empleados,Grande,11 - 20%,No daremos aumentos en el mes de Agosto 2024,> 120%,141 - 150%,IPC Nacional,No aplica,6,No tenemos previsto incorporar nuevos puestos fuera de convenio en 2024,"Si, en el segundo semestre",-,15800000.0,,7300000.0,5500000.0,3700000.0,2200000.0,1500000.0,1170000.0,4500000.0,3600000.0,1400000.0,10000000.0,3400000.0,1500000.0,,2700000.0,1100000.0,1200000.0,1900000.0,1200000.0,,,,,11500000.0,3700000.0,2700000.0,900000.0,2900000.0,,1900000.0,1000000.0,,2100000.0,1200000.0,1900000.0,900000.0,,,12300000.0,,3100000.0,,1400000.0,1200000.0,7200000.0,3700000.0,1700000.0,6000000.0,3500000.0,1500000.0,1300000.0,1000000.0,9000000.0,3000000.0,2500000.0,1100000.0,1400000.0,4250000.0,2600000.0,1600000.0,4100000.0,2400000.0,1300000.0,1100000.0,4000000.0,1980000.0,1100000.0,1100000.0,1500000.0,1500000.0,,2200000.0,700000.0,,6000000.0,,,,9500000.0,6500000.0,2500000.0,1700000.0,1600000.0,,1200000.0,1200000.0,,7000000.0,3200000.0,2400000.0,1400000.0,2500000.0,1500000.0,,1100000.0,700000.0,,4 sueldos,4 sueldos,3 sueldos,2 sueldos,No tenemos asignado bonus a este nivel jer치rquico,No tenemos asignado bonus a este nivel jer치rquico,Otorgamos a TODOS los niveles Directores - Gerentes - Jefes - Supervisores - Analista - Empleados,No,No,Si,No,No,Si,Si,Si,Si,Si,No,Si,Si,No,Si,No,No,Si,Si,No,Si,Si,Si,No,No,Si,No,No,Pago de guarderia o ni침era,No por ahora,No por el momento,Grande,Industria
2024-08-05 11:26:38.705,Comercio,51 - 200 empleados,Pyme,1 - 10%,No esta definido por el momento el aumento en Agosto 2024,91 - 100%,No tenemos definido a칰n que aumento dar en todo el a침o 2024,Mismo % que se negocie con el gremio (paritarias),Tomamos inflaci칩n y paritarias como par치metro.,8,"Si, en el primer semestre",No tenemos previsto reducir puestos fuera de convenio en 2024,-,7900000.0,937100,,2831482.0,1993000.0,1830200.0,,906000.0,,,832700.0,,1589775.0,980840.0,790600.0,,,,,,,,,,,2919800.0,2020280.0,906000.0,1784222.0,999808.0,,1041000.0,790000.0,,825094.0,,1532000.0,,,,3569700.0,2146000.0,,1362000.0,862000.0,,,,,,,,,3667000.0,,1160000.0,,1160000.0,,2057000.0,1228000.0,3504000.0,1810000.0,1143000.0,,,,1364000.0,,943715.0,,,,,1143000.0,,,,1143000.0,,3567000.0,1862350.0,,1362000.0,,,,,,,,,,,,,690000.0,,No tenemos asignado bonus a este nivel jer치rquico,3 sueldos,2 sueldos,1 sueldo,No tenemos asignado bonus a este nivel jer치rquico,No tenemos asignado bonus a este nivel jer치rquico,Otorgamos SOLO a Directores - Gerentes - Jefes,No,No,Si,No,Si,Si,No,No,Si,Si,Si,No,No,No,No,No,No,Si,No,No,No,Si,No,Si,No,No,Si,No,no,"No, me parece abarcativo.",No,Pyme,Comercio
2024-08-05 12:10:55.947,"Energ칤a, Petroleo, Miner칤a, Servicios relacionados",51 - 200 empleados,Pyme,1 - 10%,No daremos aumentos en el mes de Agosto 2024,> 120%,No tenemos definido a칰n que aumento dar en todo el a침o 2024,Tomamos otro indicador / par치metro para dar los aumentos (indicar abajo),Comparamos el trimestre anterior segun los valores que publica el INDEC vs los que se estima para el proximo Trimestre segun el Banco Central,4,No tenemos previsto incorporar nuevos puestos fuera de convenio en 2024,"Si, en el primer semestre",-,,,,9082629.0,2150000.0,4295714.0,,,,,,,1898342.0,1324639.0,,,,,,,,,,,,8026487.0,,1241657.0,,1698699.0,,1516260.0,1284176.0,,,3619412.0,2199489.0,,,,,,,,,,,,,,,,,,,3644679.0,1201483.0,2138828.0,,2091660.0,1919333.0,,,2843183.0,,,,,,,,,1863906.0,1309498.0,,,,,,,6456270.0,1996443.0,1611782.0,871801.0,,1259578.0,,,2250000.0,,,,,,,,,,No tenemos asignado bonus a este nivel jer치rquico,No tenemos asignado bonus a este nivel jer치rquico,3 sueldos,No tenemos asignado bonus a este nivel jer치rquico,1 sueldo,No tenemos asignado bonus a este nivel jer치rquico,Otorgamos a TODOS los niveles Directores - Gerentes - Jefes - Supervisores - Analista - Empleados,No,No,Si,No,No,No,No,No,Si,Si,Si,No,Si,No,No,No,No,No,Si,No,No,Si,No,No,No,No,No,Si,0,0,0,Pyme,Energ칤a y Miner칤a
2024-08-05 12:47:09.080,Construcci칩n,51 - 200 empleados,Pyme,11 - 20%,1 - 10%,111 - 120%,171 - 180%,IPC Provincial,Con encuestas salariales y desempe침o,9,"Si, a lo largo de todo el a침o",No tenemos previsto reducir puestos fuera de convenio en 2024,-,6525000.0,990000,5900000.0,,,,,843374.0,,,,,,,,,,,,,,,,,,1943700.0,,979659.0,,,,,668194.0,,,,,,,,,,,,,,,,,,,,,,,,,,2100000.0,,958746.0,,,,,,,,,,,,,,2361593.0,1459000.0,900000.0,1900000.0,1155181.0,,1854892.0,,,749472.0,,,,,,,,,,,,,720000.0,254000.0,2 sueldos,2 sueldos,2 sueldos,No tenemos asignado bonus a este nivel jer치rquico,No tenemos asignado bonus a este nivel jer치rquico,No tenemos asignado bonus a este nivel jer치rquico,Otorgamos a TODOS los niveles Directores - Gerentes - Jefes - Supervisores - Analista - Empleados,No,No,No,No,No,No,No,Si,No,No,No,No,Si,No,No,No,Si,No,Si,No,No,En an치lisis / desarrollo,En an치lisis / desarrollo,En an치lisis / desarrollo,Si,Si,Si,Si,no tenemos otros,Inspectores de Obra- Diferenciar proyectistas de arquitectura a los de Ingenier칤a,,Pyme,Construcci칩n
2024-08-05 13:01:40.849,Construcci칩n,51 - 200 empleados,Pyme,1 - 10%,1 - 10%,61 - 70%,No tenemos definido a칰n que aumento dar en todo el a침o 2024,Mismo % que se negocie con el gremio (paritarias),no,No esta definido todav칤a,"Si, a lo largo de todo el a침o",No tenemos previsto reducir puestos fuera de convenio en 2024,-,,,,,,1044000.0,,,,,,,,,,,,,,,,,,,,3714000.0,,918000.0,,,,,,,,,,,,,2180000.0,,,,,,,,,,,,,,1600000.0,,870000.0,,,1500000.0,,,,1050000.0,,,,,,,,,,,,,,910000.0,,,,1500000.0,,,,,,,,,,,,,,,,,No tenemos asignado bonus a este nivel jer치rquico,No tenemos asignado bonus a este nivel jer치rquico,No tenemos asignado bonus a este nivel jer치rquico,No tenemos asignado bonus a este nivel jer치rquico,No tenemos asignado bonus a este nivel jer치rquico,No tenemos asignado bonus a este nivel jer치rquico,Otorgamos SOLO a Directores - Gerentes - Jefes,No,No,No,Si,No,En an치lisis / desarrollo,No,No,No,Si,No,No,No,No,No,No,No,No,No,No,No,No,No,No,No,No,No,No,no,tesoreria en administracion,,Pyme,Construcci칩n
2024-08-05 13:33:09.946,"Gastronom칤a, Hoteler칤a y Turismo",51 - 200 empleados,Pyme,1 - 10%,1 - 10%,51 - 60%,131 - 140%,IPC Nacional,.,12,No tenemos previsto incorporar nuevos puestos fuera de convenio en 2024,No tenemos previsto reducir puestos fuera de convenio en 2024,-,6000000.0,,,3100000.0,2050000.0,,,1200000.0,,2900000.0,,,,,,1900000.0,1100000.0,2200000.0,1350000.0,1100000.0,3300000.0,1250000.0,722000.0,,,3600000.0,2500000.0,1100000.0,,850000.0,,930000.0,,,,,,,,,,,,,,2800000.0,1750000.0,,2800000.0,,,,,,,,,,,,935000.0,,2300000.0,1350000.0,722000.0,,,,,,,,,,,,,,,,,2650000.0,,1150000.0,,1150000.0,,,2800000.0,,,,,,,,,,No tenemos asignado bonus a este nivel jer치rquico,No tenemos asignado bonus a este nivel jer치rquico,No tenemos asignado bonus a este nivel jer치rquico,No tenemos asignado bonus a este nivel jer치rquico,No tenemos asignado bonus a este nivel jer치rquico,No tenemos asignado bonus a este nivel jer치rquico,Otorgamos SOLO a Directores - Gerentes - Jefes,No,No,Si,No,No,No,Si,Si,Si,Si,No,No,No,No,No,No,No,No,Si,No,No,Si,No,Si,No,No,No,Si,0,,,Pyme,Gastronom칤a y Turismo
2024-08-05 13:42:04.996,Industria,51 - 200 empleados,Pyme,No dimos aumentos en el mes de Julio 2024,1 - 10%,91 - 100%,141 - 150%,En funci칩n de los % que digan las Encuestas Salariales,.,6,No tenemos previsto incorporar nuevos puestos fuera de convenio en 2024,No tenemos previsto reducir puestos fuera de convenio en 2024,-,,,7653000.0,,,,,,,,,,1955000.0,1293000.0,,,,,,,,,,,,,3108000.0,1538000.0,,1469000.0,,1442000.0,984000.0,,,,1064000.0,,,7902000.0,,2883000.0,2351000.0,1758000.0,1290000.0,,,,,,,2419000.0,,,,,1002000.0,1302000.0,,2328000.0,1292000.0,,3314000.0,1628000.0,,,,,,,,,1823000.0,1178000.0,,1699000.0,1299000.0,,,,4371000.0,,,1323000.0,,,,,,,,1538000.0,1750000.0,,,895000.0,1200000.0,,No tenemos asignado bonus a este nivel jer치rquico,3 sueldos,2 sueldos,2 sueldos,"1,5 sueldos",1 sueldo,Otorgamos a TODOS los niveles Directores - Gerentes - Jefes - Supervisores - Analista - Empleados,Si,Si,Si,No,Si,No,No,Si,Si,No,No,No,Si,No,Si,No,Si,Si,Si,No,Si,Si,Si,Si,Si,Si,No,No,.,,,Pyme,Industria
2024-08-05 15:17:27.565,Industria,51 - 200 empleados,Pyme,1 - 10%,No daremos aumentos en el mes de Agosto 2024,71 - 80%,No tenemos definido a칰n que aumento dar en todo el a침o 2024,IPC Nacional,0,8,No tenemos previsto incorporar nuevos puestos fuera de convenio en 2024,No tenemos previsto reducir puestos fuera de convenio en 2024,-,,,7234000.0,,,,,1180000.0,,2034000.0,,,2172000.0,1339000.0,,1734500.0,864000.0,,,1020000.0,,,,,6930000.0,,2093000.0,1383000.0,,,2172000.0,1383000.0,657000.0,,,,,,,5800000.0,,2500000.0,,,,,2549000.0,,4377500.0,,1147800.0,1870000.0,1338500.0,,,,,,,,1400000.0,,,,,,,,,,,,,,,,,,,,,2034000.0,,,,,,,,,,,,,,,657000.0,,No tenemos asignado bonus a este nivel jer치rquico,3 sueldos,2 sueldos,2 sueldos,2 sueldos,2 sueldos,Otorgamos a TODOS los niveles Directores - Gerentes - Jefes - Supervisores - Analista - Empleados,No,No,Si,No,En an치lisis / desarrollo,No,Si,Si,No,Si,No,Si,Si,No,No,Si,No,Si,Si,No,Si,Si,No,No,Si,Si,No,Si,0,sommelier,0,Pyme,Industria
2024-08-05 17:00:32.573,"Transporte, Log칤stica, Almacenamiento",51 - 200 empleados,Pyme,1 - 10%,1 - 10%,71 - 80%,121 - 130%,Mismo % que se negocie con el gremio (paritarias),En funci칩n de los % que digan las Encuestas ,10,No tenemos previsto incorporar nuevos puestos fuera de convenio en 2024,No tenemos previsto reducir puestos fuera de convenio en 2024,-,,,,2800000.0,,,,950000.0,,,,,,,,,,,,,,,,,,2050000.0,,975000.0,1700000.0,,,857000.0,,,972000.0,,,,,,2800000.0,,1270000.0,,,,,,,,,,,,,,1400000.0,1400000.0,,1900000.0,728000.0,,1880000.0,1050000.0,640000.0,,,,,,,1800000.0,,670000.0,,,,1600000.0,,,2150000.0,,,790000.0,,,,,,,,,,,,,,,No tenemos asignado bonus a este nivel jer치rquico,2 sueldos,2 sueldos,2 sueldos,No tenemos asignado bonus a este nivel jer치rquico,No tenemos asignado bonus a este nivel jer치rquico,Otorgamos SOLO a Directores y Gerentes,No,No,No,Si,No,No,No,No,No,No,No,Si,No,No,No,No,No,Si,No,No,No,No,No,No,No,No,No,En an치lisis / desarrollo,"d칤a de la familia, descuentos en mayoristas, traslado del personal",.,.,Pyme,Transporte y Log칤stica
2024-08-05 19:35:36.005,Industria,51 - 200 empleados,Pyme,No dimos aumentos en el mes de Julio 2024,11 - 20%,91 - 100%,161 - 170%,IPC Nacional,.,6,No tenemos previsto incorporar nuevos puestos fuera de convenio en 2024,No tenemos previsto reducir puestos fuera de convenio en 2024,-,15150000.0,,6320000.0,,,3500000.0,,,2549000.0,,,,2350000.0,,1553000.0,,,,,,,,,,6454000.0,,,,2461000.0,1582000.0,,,1248000.0,,1248000.0,,,,,,6129000.0,2104000.0,2794000.0,1449000.0,,,,,,,,,,,2104000.0,1896000.0,,,,2398000.0,,,2104000.0,,,2795000.0,,1571000.0,,,,,,,,,,,,,,1881000.0,,,,,,,,,,,,,,,,,5 sueldos,4 sueldos,3 sueldos,"1,5 sueldos",1 sueldo,1 sueldo,Otorgamos a TODOS los niveles Directores - Gerentes - Jefes - Supervisores - Analista - Empleados,No,Si,Si,No,No,No,No,Si,Si,No,Si,Si,Si,No,No,No,No,Si,Si,No,Si,Si,Si,Si,Si,Si,Si,Si,.,,,Pyme,Industria
2024-08-06 11:50:08.217,Otro Rubro,51 - 200 empleados,Pyme,1 - 10%,1 - 10%,91 - 100%,151 - 160%,Mismo % que se negocie con el gremio (paritarias),-,12,No tenemos previsto incorporar nuevos puestos fuera de convenio en 2024,No tenemos previsto reducir puestos fuera de convenio en 2024,-,5435000.0,1100000,,2500000.0,,,,1285000.0,,1685000.0,,,1285000.0,,,,,,,,,,,,,2975000.0,,1285000.0,,,,1130000.0,,1485000.0,1130000.0,1480000.0,1285000.0,,990000.0,,2470000.0,1730000.0,,1385000.0,,,,,,,,,1000000.0,,,,900000.0,1730000.0,,,1285000.0,2890000.0,,,1068000.0,,1730000.0,1000000.0,,,,,,,,,,,,,,1685000.0,,,,,,,,,,,,,,,,220000.0,No tenemos asignado bonus a este nivel jer치rquico,No tenemos asignado bonus a este nivel jer치rquico,No tenemos asignado bonus a este nivel jer치rquico,No tenemos asignado bonus a este nivel jer치rquico,No tenemos asignado bonus a este nivel jer치rquico,No tenemos asignado bonus a este nivel jer치rquico,Otorgamos a TODOS los niveles Directores - Gerentes - Jefes - Supervisores - Analista - Empleados,No,Si,Si,No,No,No,No,Si,Si,Si,Si,Si,Si,No,Si,No,No,Si,No,No,Si,No,Si,Si,No,No,Si,No,"Entrega de leches como refuerzo diario, pago l칤nea telef칩nica, pago de seguro de auto para analistas",,,Pyme,Otro Rubro
2024-08-09 12:28:01.312,Industria,51 - 200 empleados,Pyme,1 - 10%,1 - 10%,41 - 50%,71 - 80%,IPC Provincial,0,No esta definido todav칤a,No tenemos previsto incorporar nuevos puestos fuera de convenio en 2024,"Si, en el segundo semestre",-,9648331.0,,,3973200.0,,1550000.0,,,2414000.0,,1012777.0,,,900447.0,736000.0,,,,,,,,,,,2315460.0,,783455.0,,,,526358.0,526358.0,,711172.0,,,,512324.0,,,1949422.0,,,,,,,,,,,,3800000.0,,,,,,,900447.0,,,,,,,,,701197.0,,,,,,,,1309111.0,,,2077142.0,,,567709.0,,,,,,,,,,,,,,,1 sueldo,No tenemos asignado bonus a este nivel jer치rquico,1 sueldo,No tenemos asignado bonus a este nivel jer치rquico,No tenemos asignado bonus a este nivel jer치rquico,No tenemos asignado bonus a este nivel jer치rquico,Otorgamos a TODOS los niveles Directores - Gerentes - Jefes - Supervisores - Analista - Empleados,No,Si,No,No,No,En an치lisis / desarrollo,No,No,Si,No,No,No,No,No,No,No,No,No,No,No,No,Si,Si,Si,No,Si,En an치lisis / desarrollo,Si,no,"proyectista, analista de planificaci칩n, analista de ingenier칤a, analista generalista de recursos humanos, analista financiero",,Pyme,Industria
2024-08-12 13:48:51.010,Comercio,51 - 200 empleados,Pyme,No dimos aumentos en el mes de Julio 2024,No esta definido por el momento el aumento en Agosto 2024,91 - 100%,No tenemos definido a칰n que aumento dar en todo el a침o 2024,IPC Nacional,no tomamos otro indicador,No esta definido todav칤a,"Si, en el segundo semestre",No tenemos previsto reducir puestos fuera de convenio en 2024,-,,1200000,,3300000.0,,,1200000.0,,,,,,,,,,,,,,,,,,,2500000.0,2100000.0,,,,,1200000.0,855000.0,1300000.0,,,,1600000.0,1100000.0,,2950000.0,,,,,,,,,1600000.0,,,,,,2100000.0,850000.0,1100000.0,,2000000.0,,,,,900000.0,,,,,,,,,,,,,,,,2200000.0,,,,,,,,,,,,,,,1000000.0,,,5 sueldos,No tenemos asignado bonus a este nivel jer치rquico,4 sueldos,3 sueldos,3 sueldos,No tenemos asignado bonus a este nivel jer치rquico,Otorgamos SOLO a Directores - Gerentes - Jefes,En an치lisis / desarrollo,Si,No,No,Si,En an치lisis / desarrollo,Si,Si,Si,Si,No,Si,Si,No,No,No,Si,Si,No,No,No,No,No,Si,Si,No,No,No,0,0,0,Pyme,Comercio
2024-08-14 17:03:46.934,Construcci칩n,51 - 200 empleados,Pyme,No dimos aumentos en el mes de Julio 2024,1 - 10%,71 - 80%,No tenemos definido a칰n que aumento dar en todo el a침o 2024,Mismo % que se negocie con el gremio (paritarias),-,No esta definido todav칤a,"Si, en el segundo semestre",No tenemos previsto reducir puestos fuera de convenio en 2024,-,6700000.0,,5140800.0,,1650000.0,1115000.0,,1180000.0,,,1163000.0,,,,,,,,,,,,,,5433000.0,,1680000.0,,,,,1037000.0,,,1240000.0,,,,,4443000.0,,1583000.0,1450000.0,1280000.0,,,,,,,,,,,,,,,,1461000.0,,,1705000.0,1087000.0,,,1575255.0,,1105000.0,,,,,,,,,,,,1946000.0,1496000.0,,1140000.0,,,,,,,,,,,,,,,3 sueldos,No tenemos asignado bonus a este nivel jer치rquico,2 sueldos,1 sueldo,1 sueldo,No tenemos asignado bonus a este nivel jer치rquico,Otorgamos SOLO a Directores - Gerentes - Jefes,No,No,No,No,No,No,Si,No,Si,Si,No,No,No,No,No,No,Si,Si,No,No,No,No,Si,No,No,No,No,No,-,,,Pyme,Construcci칩n
2024-08-19 15:55:37.594,Industria,51 - 200 empleados,Pyme,11 - 20%,No daremos aumentos en el mes de Agosto 2024,71 - 80%,111 - 120%,Tomamos otro indicador / par치metro para dar los aumentos (indicar abajo),Mix entre Ventas e IPC nacional ,4,No tenemos previsto incorporar nuevos puestos fuera de convenio en 2024,No tenemos previsto reducir puestos fuera de convenio en 2024,-,,,,3500000.0,,2200000.0,,980000.0,,,1155000.0,2800000.0,2200000.0,,,1800000.0,800000.0,,,,,,,,,3115000.0,2200000.0,,,,,,,,980000.0,,,,,,,,,,,3115000.0,1700000.0,1218000.0,2800000.0,1400000.0,1015000.0,1500000.0,825000.0,2760000.0,,,1155000.0,1050000.0,,,,,,,,,,,,,,,,,,,,,,,,,1400000.0,,,,,,,,,,,,,,,,No tenemos asignado bonus a este nivel jer치rquico,No tenemos asignado bonus a este nivel jer치rquico,No tenemos asignado bonus a este nivel jer치rquico,No tenemos asignado bonus a este nivel jer치rquico,No tenemos asignado bonus a este nivel jer치rquico,No tenemos asignado bonus a este nivel jer치rquico,Otorgamos a TODOS los niveles Directores - Gerentes - Jefes - Supervisores - Analista - Empleados,No,Si,Si,Si,No,No,Si,Si,No,Si,No,No,Si,No,No,No,No,Si,No,No,No,No,No,No,No,No,No,No,Ninguno,"Algunos puestos relacionados con la industria vitivinicola (INV, auxiliares, administraci칩n t칠cnica, etc)",.,Pyme,Industria
2024-08-20 12:29:52.003,"Energ칤a, Petroleo, Miner칤a, Servicios relacionados",51 - 200 empleados,Pyme,1 - 10%,No daremos aumentos en el mes de Agosto 2024,21 - 30%,No tenemos definido a칰n que aumento dar en todo el a침o 2024,No los tenemos definido todav칤a (lo vemos mes a mes),0,No esta definido todav칤a,No tenemos previsto incorporar nuevos puestos fuera de convenio en 2024,No tenemos previsto reducir puestos fuera de convenio en 2024,-,,,,2600000.0,,1130000.0,,,,,,,,,,,,,,,,,,,,4600000.0,,,1734000.0,,,1402000.0,,,1340000.0,,,,639000.0,,5100000.0,2600000.0,,,,,,,,,,,,,,,1340000.0,,,2500000.0,,,1677000.0,,1102000.0,,,,,,,2600000.0,1115000.0,,,,,2920000.0,2379000.0,,,2600000.0,,,,,,,,,,,,,,,,,No tenemos asignado bonus a este nivel jer치rquico,No tenemos asignado bonus a este nivel jer치rquico,1 sueldo,1 sueldo,No tenemos asignado bonus a este nivel jer치rquico,No tenemos asignado bonus a este nivel jer치rquico,Otorgamos SOLO a Directores - Gerentes - Jefes,No,No,No,No,No,No,No,No,No,No,No,No,No,No,No,No,No,No,No,No,No,No,No,No,No,No,No,No,ninguno,,,Pyme,Energ칤a y Miner칤a
2024-08-22 14:58:03.853,Industria,51 - 200 empleados,Pyme,No dimos aumentos en el mes de Julio 2024,No daremos aumentos en el mes de Agosto 2024,81 - 90%,101- 110%,IPC Nacional,0,4,"Si, en el segundo semestre",No tenemos previsto reducir puestos fuera de convenio en 2024,-,6500000.0,,4500000.0,,2800000.0,,,1020000.0,3000000.0,1800000.0,1000000.0,4000000.0,,,,1750000.0,1100000.0,,1750000.0,1750000.0,4200000.0,1450000.0,950000.0,,,4500000.0,1450000.0,900000.0,,,,1200000.0,,,,,,,,,4700000.0,,,980000.0,,5500000.0,1750000.0,,,1400000.0,,,600000.0,,,,1100000.0,,,1020000.0,,,2150000.0,,850000.0,,1720000.0,,,,,,,,,,,,,,4800000.0,,1490000.0,,,,,,,,,,,,,,,,No tenemos asignado bonus a este nivel jer치rquico,No tenemos asignado bonus a este nivel jer치rquico,2 sueldos,1 sueldo,No tenemos asignado bonus a este nivel jer치rquico,No tenemos asignado bonus a este nivel jer치rquico,Otorgamos SOLO a Directores y Gerentes,No,Si,Si,No,No,No,Si,Si,Si,Si,No,No,Si,No,No,No,Si,Si,Si,No,No,Si,No,No,Si,Si,No,No,0,0,0,Pyme,Industria
2024-08-22 15:27:07.599,Servicios,51 - 200 empleados,Pyme,1 - 10%,1 - 10%,61 - 70%,91 - 100%,Mismo % que se negocie con el gremio (paritarias),-,8,"Si, en el segundo semestre",No tenemos previsto reducir puestos fuera de convenio en 2024,-,9006000.0,,,2500000.0,2950000.0,1200000.0,,,,,,,,,915000.0,,,,,,,,,,,4700000.0,1700000.0,1200000.0,1680000.0,,,,894000.0,1500000.0,894000.0,1700000.0,1200000.0,,,,2800000.0,1700000.0,,1200000.0,,,,,,,,,,,,,,,,1700000.0,970000.0,,,,,,1700000.0,970000.0,,,,,,,,,,,,,,1780000.0,1200000.0,970000.0,,970000.0,,,,2300000.0,1700000.0,,,1020000.0,1700000.0,980000.0,,,No tenemos asignado bonus a este nivel jer치rquico,No tenemos asignado bonus a este nivel jer치rquico,No tenemos asignado bonus a este nivel jer치rquico,No tenemos asignado bonus a este nivel jer치rquico,No tenemos asignado bonus a este nivel jer치rquico,No tenemos asignado bonus a este nivel jer치rquico,Otorgamos SOLO a Directores - Gerentes - Jefes,No,Si,No,No,Si,No,Si,No,No,No,Si,Si,No,No,No,No,No,No,Si,Si,No,No,No,No,No,Si,No,Si,-,-,-,Pyme,Servicios
2024-08-23 09:28:47.713,Comercio,51 - 200 empleados,Pyme,11 - 20%,No daremos aumentos en el mes de Agosto 2024,91 - 100%,No tenemos definido a칰n que aumento dar en todo el a침o 2024,Mismo % que se negocie con el gremio (paritarias),,6,"Si, a lo largo de todo el a침o","Si, a lo largo de todo el a침o",-,7500000.0,,,2500000.0,2800000.0,3300000.0,800000.0,1100000.0,,,1350000.0,,,,800000.0,,,,,,,,,,,2750000.0,1900000.0,1100000.0,,850000.0,,850000.0,750000.0,,850000.0,1600000.0,1100000.0,,650000.0,,2500000.0,1400000.0,,,,,,,,,,,,,,,,,,,900000.0,,,,,,1500000.0,850000.0,,,,,,,,,,,,,,1300000.0,,1100000.0,,,,,,,,,,,,,,400000.0,No tenemos asignado bonus a este nivel jer치rquico,No tenemos asignado bonus a este nivel jer치rquico,No tenemos asignado bonus a este nivel jer치rquico,No tenemos asignado bonus a este nivel jer치rquico,No tenemos asignado bonus a este nivel jer치rquico,No tenemos asignado bonus a este nivel jer치rquico,Otorgamos SOLO a Directores y Gerentes,No,Si,No,No,No,Si,Si,No,No,No,No,No,No,No,No,No,No,No,No,No,No,No,No,No,No,No,No,No,0,,,Pyme,Comercio
2024-08-23 11:14:34.713,Construcci칩n,51 - 200 empleados,Pyme,No dimos aumentos en el mes de Julio 2024,11 - 20%,71 - 80%,No tenemos definido a칰n que aumento dar en todo el a침o 2024,Mismo % que se negocie con el gremio (paritarias),-,No esta definido todav칤a,"Si, en el segundo semestre",No tenemos previsto reducir puestos fuera de convenio en 2024,-,5250000.0,,4180000.0,,2553000.0,1120000.0,,1180000.0,,,,,,,,,,,,,,,,,6511000.0,,1680000.0,1237500.0,1780000.0,,,1040000.0,,,1237500.0,,,,,4511000.0,,1583000.0,,1280000.0,,,,,,,,,,,,,,,,1460000.0,1085000.0,2700000.0,1706000.0,1090000.0,910000.0,,1576000.0,1107000.0,980000.0,,,,,,,,,,,,1957000.0,1500000.0,,1146000.0,,,,,,,,,,,,,,,3 sueldos,3 sueldos,2 sueldos,1 sueldo,1 sueldo,No tenemos asignado bonus a este nivel jer치rquico,Otorgamos SOLO a Directores - Gerentes - Jefes,No,Si,No,No,No,Si,Si,Si,Si,Si,No,Si,Si,No,No,No,Si,Si,No,No,Si,No,No,No,No,No,Si,No,-,"Puestos relacionados con 치reas de Sistema de Gesti칩n Integral (Normas ISO, IRAM)",-,Pyme,Construcci칩n
2024-08-26 19:54:07.563,Industria,51 - 200 empleados,Pyme,No dimos aumentos en el mes de Julio 2024,1 - 10%,21 - 30%,50 - 60%,No los tenemos definido todav칤a (lo vemos mes a mes),0,No esta definido todav칤a,No tenemos previsto incorporar nuevos puestos fuera de convenio en 2024,No tenemos previsto reducir puestos fuera de convenio en 2024,-,7000000.0,,5000000.0,5000000.0,4500000.0,3500000.0,,1500000.0,2800000.0,1950000.0,1000000.0,2300000.0,,2300000.0,1000000.0,,,,,,,,,,1050000.0,,,,,,,,800000.0,,,,,,500000.0,,6000000.0,,,,,,,,,,,,,,,,,,,,,,,,,,2500000.0,900000.0,,,,,,,,,,,,,2000000.0,,,1200000.0,,980000.0,,,,,,,,,,,,,No tenemos asignado bonus a este nivel jer치rquico,No tenemos asignado bonus a este nivel jer치rquico,1 sueldo,1 sueldo,1 sueldo,No tenemos asignado bonus a este nivel jer치rquico,Otorgamos SOLO a Directores - Gerentes - Jefes,No,No,Si,No,No,No,No,No,Si,No,Si,No,Si,No,No,No,No,No,Si,No,No,Si,No,No,No,No,Si,En an치lisis / desarrollo,No,,,Pyme,Industria
2024-08-05 08:06:12.770,Industria,1 - 50 empleados,Pyme,1 - 10%,1 - 10%,81 - 90%,No tenemos definido a칰n que aumento dar en todo el a침o 2024,Mismo % que se negocie con el gremio (paritarias),0,No esta definido todav칤a,No tenemos previsto incorporar nuevos puestos fuera de convenio en 2024,No tenemos previsto reducir puestos fuera de convenio en 2024,-,,,,,2500000.0,1200000.0,,1924000.0,,,,,,,,,,,,,,,,,,,2937000.0,1590000.0,1500000.0,,,,,,,3450000.0,,,,,,1650414.0,,,,,,,,,,,,,,,,,,,,,,,,1850000.0,,,,,,,,,,1650000.0,1230000.0,,,,,,,,,,,,,,,,,,,,,,No tenemos asignado bonus a este nivel jer치rquico,No tenemos asignado bonus a este nivel jer치rquico,1 sueldo,1 sueldo,No tenemos asignado bonus a este nivel jer치rquico,No tenemos asignado bonus a este nivel jer치rquico,Otorgamos SOLO a Directores - Gerentes - Jefes,No,No,No,No,No,No,Si,Si,No,No,Si,No,No,No,No,No,Si,Si,No,No,Si,Si,Si,Si,Si,Si,Si,No,0,,,Pyme,Industria
2024-08-05 10:32:29.030,Financiero,1 - 50 empleados,Pyme,31 - 40%,No daremos aumentos en el mes de Agosto 2024,> 120%,> 200%,No los tenemos definido todav칤a (lo vemos mes a mes),sin definir,4,No tenemos previsto incorporar nuevos puestos fuera de convenio en 2024,No tenemos previsto reducir puestos fuera de convenio en 2024,-,,,3550000.0,,,2489000.0,,,,,1600000.0,,,,,,,,,,,,,,,4320000.0,1975000.0,1445000.0,,,1445000.0,,1287000.0,,,,,,1004000.0,,3108000.0,,,1742000.0,,,,,,,,,,,,,,,,,,,,,,,,,,,,,,,,,,,,,,,,,,,,,,,,,,,,,,625000.0,No tenemos asignado bonus a este nivel jer치rquico,No tenemos asignado bonus a este nivel jer치rquico,6 sueldos,No tenemos asignado bonus a este nivel jer치rquico,No tenemos asignado bonus a este nivel jer치rquico,No tenemos asignado bonus a este nivel jer치rquico,Otorgamos a TODOS los niveles Directores - Gerentes - Jefes - Supervisores - Analista - Empleados,No,En an치lisis / desarrollo,No,No,No,No,Si,No,No,No,No,No,No,No,No,No,Si,No,No,No,No,No,No,No,No,No,No,No,ninguno,jefe de back office / analista back office ,,Pyme,Financiero
2024-08-05 11:56:03.086,"Gastronom칤a, Hoteler칤a y Turismo",1 - 50 empleados,Pyme,1 - 10%,1 - 10%,71 - 80%,121 - 130%,IPC Nacional,0,10,"Si, en el segundo semestre",No tenemos previsto reducir puestos fuera de convenio en 2024,-,,,,,,,,832000.0,,,,,,,719800.0,2028345.0,719800.0,961000.0,1404000.0,961000.0,,1100000.0,890000.0,,,,2500000.0,832762.0,,,,,,,,,,,,,,,,,,,,736931.0,,,,,,,,,,,,,,,,980000.0,,,,,,,,,,,,,,,,,,1544000.0,,,,,,,,,,,,,,,,,No tenemos asignado bonus a este nivel jer치rquico,No tenemos asignado bonus a este nivel jer치rquico,No tenemos asignado bonus a este nivel jer치rquico,No tenemos asignado bonus a este nivel jer치rquico,No tenemos asignado bonus a este nivel jer치rquico,No tenemos asignado bonus a este nivel jer치rquico,Otorgamos SOLO a Directores - Gerentes - Jefes,No,No,Si,No,No,No,Si,Si,Si,No,No,No,No,No,No,No,No,No,No,No,No,No,Si,Si,No,No,No,Si, no,si,no,Pyme,Gastronom칤a y Turismo
2024-08-05 13:10:55.384,"Energ칤a, Petroleo, Miner칤a, Servicios relacionados",1 - 50 empleados,Pyme,1 - 10%,1 - 10%,41 - 50%,No tenemos definido a칰n que aumento dar en todo el a침o 2024,Mismo % que se negocie con el gremio (paritarias),0,No esta definido todav칤a,No tenemos previsto incorporar nuevos puestos fuera de convenio en 2024,No tenemos previsto reducir puestos fuera de convenio en 2024,-,,,,,,,990000.0,700000.0,,,,,,,,,,,,,,,,,,,,700000.0,,,,700000.0,,,,,,,,,3200000.0,,,1000000.0,,,,,,,,,,,,,,,,,,,,1400000.0,,,,,,,,,,,,,,,,,,1750000.0,,,,,,,,,,,,,,,,,No tenemos asignado bonus a este nivel jer치rquico,No tenemos asignado bonus a este nivel jer치rquico,No tenemos asignado bonus a este nivel jer치rquico,No tenemos asignado bonus a este nivel jer치rquico,No tenemos asignado bonus a este nivel jer치rquico,No tenemos asignado bonus a este nivel jer치rquico,NO otorgamos el beneficio de Medicina Prepaga a ning칰n empleado,No,Si,No,No,No,No,No,Si,No,No,No,No,No,No,No,No,No,Si,No,No,No,No,Si,No,No,No,No,No,0,,,Pyme,Energ칤a y Miner칤a
2024-08-06 14:29:26.837,Otro Rubro,1 - 50 empleados,Pyme,No dimos aumentos en el mes de Julio 2024,41 - 50%,21 - 30%,81 - 90%,En funci칩n de los % que digan las Encuestas Salariales,no,4,"Si, en el segundo semestre",No tenemos previsto reducir puestos fuera de convenio en 2024,-,12600000.0,,,,2880000.0,,,,,,,,,,,,,,,,,,,,,,1880000.0,1100000.0,,,,,1100000.0,,,,,,,,,,,,,,,,,1320000.0,,,,,,1200000.0,,,,1500000.0,1100000.0,,1250000.0,,,,,,,,,,,,,,,,,,,,,,,,,,,,,,,,,,,,3 sueldos,3 sueldos,3 sueldos,"1,5 sueldos",1 sueldo,1/2 sueldo,Otorgamos a TODOS los niveles Directores - Gerentes - Jefes - Supervisores - Analista - Empleados,No,Si,Si,No,No,No,No,No,No,Si,Si,No,Si,No,No,No,En an치lisis / desarrollo,Si,No,No,En an치lisis / desarrollo,En an치lisis / desarrollo,No,En an치lisis / desarrollo,No,No,No,No,Ninguno adicional,,,Pyme,Otro Rubro
2024-08-07 09:33:59.492,Otro Rubro,1 - 50 empleados,Pyme,1 - 10%,1 - 10%,31 - 40%,61 - 70%,Mismo % que se negocie con el gremio (paritarias),O,6,"Si, en el segundo semestre",No tenemos previsto reducir puestos fuera de convenio en 2024,-,,1506024,,,,,,,,,,,,,845000.0,,,,,,,,,,,,1900000.0,,,,,845000.0,662000.0,1084000.0,,,,,,,,,,1000000.0,662650.0,,,,,,1000000.0,,,,,,722000.0,,,,,,,,800000.0,,,,,,,,,,,,,,1000000.0,,,,,,,,,,,,,,,,,,,,No tenemos asignado bonus a este nivel jer치rquico,No tenemos asignado bonus a este nivel jer치rquico,1 sueldo,1 sueldo,1 sueldo,1 sueldo,NO otorgamos el beneficio de Medicina Prepaga a ning칰n empleado,No,Si,Si,No,No,No,No,Si,No,No,Si,No,No,No,No,No,No,No,No,No,No,No,No,No,No,Si,En an치lisis / desarrollo,No,Indumentaria y calzado  extra. Seguro de vida extra.,Obreros de Instalaci칩n de Riego,No,Pyme,Otro Rubro
2024-08-07 13:28:58.271,Servicios,1 - 50 empleados,Pyme,1 - 10%,1 - 10%,61 - 70%,No tenemos definido a칰n que aumento dar en todo el a침o 2024,Mismo % que se negocie con el gremio (paritarias),Encuestas salariales,No esta definido todav칤a,No tenemos previsto incorporar nuevos puestos fuera de convenio en 2024,No tenemos previsto reducir puestos fuera de convenio en 2024,-,8900000.0,,,,2500000.0,,,,,,1500000.0,,,,,,,,,,,,,,,,,,,,1589363.0,,,,,,,,,,,1522141.0,,,,,,,,,,,,,,,,,,,,,,,,,,1154290.0,,,,,,,,,1014760.5,,,,,,866515.0,,,,,,,,1192432.0,776292.0,,,,780000.0,,,No tenemos asignado bonus a este nivel jer치rquico,No tenemos asignado bonus a este nivel jer치rquico,No tenemos asignado bonus a este nivel jer치rquico,No tenemos asignado bonus a este nivel jer치rquico,No tenemos asignado bonus a este nivel jer치rquico,No tenemos asignado bonus a este nivel jer치rquico,NO otorgamos el beneficio de Medicina Prepaga a ning칰n empleado,No,Si,No,No,Si,No,No,Si,No,No,No,Si,Si,No,No,No,En an치lisis / desarrollo,No,En an치lisis / desarrollo,Si,Si,Si,No,Si,En an치lisis / desarrollo,En an치lisis / desarrollo,En an치lisis / desarrollo,Si,0,Responsable legales (contratos y asesoria legal en general),Seniority,Pyme,Servicios
2024-08-08 09:58:42.245,Comercio,1 - 50 empleados,Pyme,11 - 20%,No daremos aumentos en el mes de Agosto 2024,91 - 100%,141 - 150%,Mismo % que se negocie con el gremio (paritarias),IPC nacional,6,"Si, a lo largo de todo el a침o",No tenemos previsto reducir puestos fuera de convenio en 2024,-,8100000.0,,,4000000.0,,,,900000.0,,,,,,,,,,,,,,,,,,5500000.0,1500000.0,810000.0,,,,,700000.0,,1100000.0,,,1500000.0,,,4600000.0,1400000.0,,,,,,,,,,,,,,,,,,,,,,,,,,,,,,,,,,,,,,,,1900000.0,,,,,,,,,,,,,,,,,3 sueldos,No tenemos asignado bonus a este nivel jer치rquico,2 sueldos,No tenemos asignado bonus a este nivel jer치rquico,No tenemos asignado bonus a este nivel jer치rquico,No tenemos asignado bonus a este nivel jer치rquico,Otorgamos SOLO a Directores - Gerentes - Jefes,No,Si,No,No,En an치lisis / desarrollo,No,Si,No,Si,Si,Si,Si,Si,No,No,No,Si,Si,Si,No,No,No,Si,Si,No,No,Si,Si,no,,,Pyme,Comercio
2024-08-14 09:59:39.821,Industria,1 - 50 empleados,Pyme,No dimos aumentos en el mes de Julio 2024,11 - 20%,81 - 90%,141 - 150%,IPC Nacional,0,5,No tenemos previsto incorporar nuevos puestos fuera de convenio en 2024,No tenemos previsto reducir puestos fuera de convenio en 2024,-,5000000.0,,,,1265000.0,,,,,,,,,,,,700000.0,1100000.0,,,,,,,,,1521000.0,1100000.0,,,,,,,,,,,,,,,,,,3500000.0,1200000.0,728000.0,,,850000.0,,870000.0,,,,,980000.0,,,,,,,,,,,,,,,,,,,,,,,,,,,,,,,,,,,,,,,,,3 sueldos,3 sueldos,2 sueldos,1 sueldo,1/2 sueldo,1/2 sueldo,Otorgamos a TODOS los niveles Directores - Gerentes - Jefes - Supervisores - Analista - Empleados,No,Si,Si,No,No,No,Si,Si,No,Si,No,Si,Si,No,No,No,No,Si,Si,No,Si,Si,Si,No,No,No,Si,Si,0,0,0,Pyme,Industria
2024-08-14 10:23:28.839,High Tech,1 - 50 empleados,Pyme,No dimos aumentos en el mes de Julio 2024,No esta definido por el momento el aumento en Agosto 2024,11 - 20%,No tenemos definido a칰n que aumento dar en todo el a침o 2024,No los tenemos definido todav칤a (lo vemos mes a mes),---,No esta definido todav칤a,No tenemos previsto incorporar nuevos puestos fuera de convenio en 2024,"Si, en el primer semestre",-,,,,,1280030.0,997076.0,,,,,,,,,1212660.0,,,,,,,,,,,,,,,,,,,,,,,,,,,,,,,,,,,,,,,,,,,,,,,,,,,,1616880.0,1347400.0,,1212660.0,,,,,,,,,,,,1647400.0,,,,,,,,,1212660.0,,,,,,,,No tenemos asignado bonus a este nivel jer치rquico,No tenemos asignado bonus a este nivel jer치rquico,No tenemos asignado bonus a este nivel jer치rquico,No tenemos asignado bonus a este nivel jer치rquico,No tenemos asignado bonus a este nivel jer치rquico,No tenemos asignado bonus a este nivel jer치rquico,Otorgamos a TODOS los niveles Directores - Gerentes - Jefes - Supervisores - Analista - Empleados,No,No,Si,No,No,Si,No,No,No,No,No,No,No,No,No,Si,No,No,No,No,Si,Si,Si,Si,En an치lisis / desarrollo,No,Si,Si,---,"Customer Experiencia, Ejecutivos de Cuentas, UX/UI",,Pyme,High Tech
2024-08-17 14:43:03.037,Industria,1 - 50 empleados,Pyme,No dimos aumentos en el mes de Julio 2024,No daremos aumentos en el mes de Agosto 2024,101 - 110%,131 - 140%,IPC Nacional,No utilizamos otro indicador ,4,"Si, en el segundo semestre",No tenemos previsto reducir puestos fuera de convenio en 2024,-,8500000.0,,,,,,,,,,,6500000.0,2500000.0,1400000.0,,2800000.0,1200000.0,990000.0,,,,,,,,6600000.0,,1200000.0,,,2000000.0,,,,,,,,,3500000.0,,,,1200000.0,,,1700000.0,,,1600000.0,,1000000.0,,,,1200000.0,,,,,,,,,,,,,,,,,,,,,,,,,,,,,,,,,,,,,,,,,,,1 sueldo,No tenemos asignado bonus a este nivel jer치rquico,1 sueldo,No tenemos asignado bonus a este nivel jer치rquico,No tenemos asignado bonus a este nivel jer치rquico,No tenemos asignado bonus a este nivel jer치rquico,Otorgamos SOLO a Directores - Gerentes - Jefes,No,No,No,No,No,No,Si,No,No,Si,No,No,Si,No,No,No,No,No,No,No,En an치lisis / desarrollo,No,No,No,No,No,No,No,Ninguno,No,Esta bien con la informaci칩n actual,Pyme,Industria
2024-08-19 15:22:47.405,Industria,1 - 50 empleados,Pyme,1 - 10%,No daremos aumentos en el mes de Agosto 2024,41 - 50%,No tenemos definido a칰n que aumento dar en todo el a침o 2024,IPC Nacional,,7,No tenemos previsto incorporar nuevos puestos fuera de convenio en 2024,No tenemos previsto reducir puestos fuera de convenio en 2024,-,9700000.0,990000,3500000.0,3500000.0,,800000.0,900000.0,,3000000.0,1720000.0,1480000.0,3380000.0,1800000.0,800000.0,,,,,,,,,,,3800000.0,2000000.0,,,,,,,600000.0,,,,,,,4115000.0,2800000.0,,,,,,,,,,,,,,,,,,,,,,,,,,,,,,,,,,,,,,,,,,,,,,,,,,,,,,,,,,2 sueldos,4 sueldos,No tenemos asignado bonus a este nivel jer치rquico,2 sueldos,1/2 sueldo,1/2 sueldo,Otorgamos a TODOS los niveles Directores - Gerentes - Jefes - Supervisores - Analista - Empleados,No,Si,Si,No,No,No,Si,Si,Si,Si,No,Si,Si,No,No,Si,No,Si,No,No,Si,Si,Si,No,No,No,Si,No,ns,,,Pyme,Industria
2024-08-20 12:00:57.159,Industria,1 - 50 empleados,Pyme,1 - 10%,1 - 10%,91 - 100%,No tenemos definido a칰n que aumento dar en todo el a침o 2024,IPC Nacional,no,No esta definido todav칤a,No tenemos previsto incorporar nuevos puestos fuera de convenio en 2024,"Si, en el segundo semestre",-,10423875.0,1171804,,6206802.0,2909205.0,,,,,,,,,,1431056.0,,,,,,,,,,4032603.0,,2074892.0,,,,,1442388.0,,,1660934.0,3594131.0,,,,5063030.0,,2534324.0,,,1912559.0,,,,,,,,,2967226.0,1912559.0,,1378076.0,,,,1893206.0,,1968652.0,,1764883.0,,2294568.0,,,1515067.0,,,2367291.0,,2415418.0,,,,,,,,,,,,,,,,,,,,,,,,3 sueldos,2 sueldos,2 sueldos,1 sueldo,1 sueldo,1 sueldo,Otorgamos a TODOS los niveles Directores - Gerentes - Jefes - Supervisores - Analista - Empleados,No,No,Si,No,No,No,No,No,Si,Si,Si,Si,Si,No,No,No,Si,No,Si,No,No,Si,No,Si,No,No,No,No,"Early friday, horario reducido de verano.","Puestos de operarios de planta: menos experimentados, m치s experimentados, responsables de turno.",,Pyme,Industria
2024-08-20 12:50:38.567,Servicios,1 - 50 empleados,Pyme,11 - 20%,No daremos aumentos en el mes de Agosto 2024,51 - 60%,71 - 80%,No los tenemos definido todav칤a (lo vemos mes a mes),0,4,"Si, en el primer semestre",No tenemos previsto reducir puestos fuera de convenio en 2024,-,,,4500000.0,,,,,,,,,,,,,,,,,,,,,,,,1100000.0,,,,,,,,,,,,,,,1800000.0,,,,,,,,,,,,,,,,,,,,,,,1200000.0,2100000.0,,,,,,,,,,,,,,,,,,,,,,,,,,,,,,,,,1 sueldo,1 sueldo,No tenemos asignado bonus a este nivel jer치rquico,1 sueldo,1/2 sueldo,No tenemos asignado bonus a este nivel jer치rquico,Otorgamos SOLO a Directores y Gerentes,En an치lisis / desarrollo,Si,No,No,No,No,No,No,Si,No,No,Si,Si,No,No,No,No,No,No,No,En an치lisis / desarrollo,Si,En an치lisis / desarrollo,En an치lisis / desarrollo,En an치lisis / desarrollo,En an치lisis / desarrollo,Si,Si,0,0,0,Pyme,Servicios
2024-08-20 15:17:36.705,Industria,1 - 50 empleados,Pyme,1 - 10%,No daremos aumentos en el mes de Agosto 2024,71 - 80%,131 - 140%,IPC Nacional,.,6,No tenemos previsto incorporar nuevos puestos fuera de convenio en 2024,No tenemos previsto reducir puestos fuera de convenio en 2024,-,7039988.0,,,3767187.0,,1134903.0,,,,,,,,1182615.0,,,,,,,,,,,,4071695.0,1719615.0,,,,,982195.0,,,1280697.0,,,,,,4154723.0,,903614.0,,,2485849.0,1528844.0,,,1122742.0,677730.0,,,,1983649.0,1335142.0,820952.0,,,,1059868.0,,,,898454.0,,1380710.0,828827.0,,820952.0,,,,,,,,,,,,,1280697.0,,,,,,,,,,,,,,,295000.0,No tenemos asignado bonus a este nivel jer치rquico,No tenemos asignado bonus a este nivel jer치rquico,2 sueldos,No tenemos asignado bonus a este nivel jer치rquico,No tenemos asignado bonus a este nivel jer치rquico,No tenemos asignado bonus a este nivel jer치rquico,Otorgamos a TODOS los niveles Directores - Gerentes - Jefes - Supervisores - Analista - Empleados,No,No,Si,No,Si,No,Si,Si,No,No,No,No,Si,No,No,No,No,No,No,No,Si,Si,Si,No,No,No,No,Si,KIT ESCOLAR - CHEQUEOS MEDICOS ANUALES,,,Pyme,Industria
2024-08-21 16:13:53.089,Industria,1 - 50 empleados,Pyme,11 - 20%,No esta definido por el momento el aumento en Agosto 2024,81 - 90%,131 - 140%,Mismo % que se negocie con el gremio (paritarias),0,6,"Si, en el segundo semestre",No tenemos previsto reducir puestos fuera de convenio en 2024,-,8000000.0,,,,,1550000.0,,1100000.0,,2200000.0,,,,,,,,,,,,,,,,2400000.0,,1200000.0,,,,1183000.0,,,,,,,,,3100000.0,,,890000.0,995000.0,,,,,,,,,,,880000.0,,850000.0,,,1010000.0,,890000.0,,785000.0,2850000.0,,,850000.0,,,,,,,1700000.0,,,,,2400000.0,,,790000.0,,1050000.0,,,,,,,,,,,,,2 sueldos,2 sueldos,2 sueldos,No tenemos asignado bonus a este nivel jer치rquico,No tenemos asignado bonus a este nivel jer치rquico,No tenemos asignado bonus a este nivel jer치rquico,Otorgamos SOLO a Directores y Gerentes,No,Si,No,No,No,No,Si,No,Si,Si,Si,No,Si,No,No,No,Si,Si,No,No,Si,No,Si,Si,No,En an치lisis / desarrollo,No,Si,"voucher escolar para hijos, regalos para fechas especiales, capacitacion en horario laboral, asado 1 vez x mes",0,0,Pyme,Industria
2024-08-22 11:07:41.143,Industria,1 - 50 empleados,Pyme,11 - 20%,No daremos aumentos en el mes de Agosto 2024,91 - 100%,121 - 130%,Tomamos otro indicador / par치metro para dar los aumentos (indicar abajo),Lo que acuerdan las empresas que forman parte del grupo,No esta definido todav칤a,"Si, en el primer semestre",No tenemos previsto reducir puestos fuera de convenio en 2024,-,,,,,,,,,,,,,,,,1384180.0,735000.0,,,,,,,,,3300000.0,,1200000.0,,,,,900.0,,,,,,,,3700000.0,1890000.0,,,1000000.0,,1500000.0,,3000000.0,,800000.0,1300000.0,,,,,,,,,,,,,,,,,780000.0,,,,,,,,,,,,,,,,,,,,,,,,,,,,,,No tenemos asignado bonus a este nivel jer치rquico,No tenemos asignado bonus a este nivel jer치rquico,2 sueldos,"1,5 sueldos",1 sueldo,1 sueldo,Otorgamos a TODOS los niveles Directores - Gerentes - Jefes - Supervisores - Analista - Empleados,No,Si,Si,No,Si,Si,Si,Si,Si,Si,No,Si,Si,No,No,Si,Si,Si,Si,No,No,En an치lisis / desarrollo,En an치lisis / desarrollo,Si,No,No,Si,Si,0,,,Pyme,Industria
2024-08-22 12:16:31.972,"Gastronom칤a, Hoteler칤a y Turismo",1 - 50 empleados,Pyme,1 - 10%,1 - 10%,51 - 60%,81 - 90%,IPC Nacional,0,12,"Si, en el segundo semestre",No tenemos previsto reducir puestos fuera de convenio en 2024,-,,,,,,,,,,,,,,,,1200000.0,863000.0,,1500000.0,960000.0,,990000.0,810000.0,,,,1500000.0,832000.0,,,,,725000.0,,,,,,,,,,,,,,,820000.0,,,480000.0,,,,,,,,,,,,,,,,,,,,,,,,,,,,,,,1500000.0,,,,,,,,,,,,,,,,,No tenemos asignado bonus a este nivel jer치rquico,No tenemos asignado bonus a este nivel jer치rquico,No tenemos asignado bonus a este nivel jer치rquico,No tenemos asignado bonus a este nivel jer치rquico,No tenemos asignado bonus a este nivel jer치rquico,No tenemos asignado bonus a este nivel jer치rquico,NO otorgamos el beneficio de Medicina Prepaga a ning칰n empleado,No,Si,Si,No,No,No,Si,No,Si,No,No,No,No,No,No,No,No,No,No,No,No,No,No,Si,No,No,Si,Si,Capacitacion in company,0,0,Pyme,Gastronom칤a y Turismo
2024-08-22 16:47:44.207,Industria,1 - 50 empleados,Pyme,1 - 10%,1 - 10%,71 - 80%,No tenemos definido a칰n que aumento dar en todo el a침o 2024,IPC Nacional,No,6,"Si, a lo largo de todo el a침o",No tenemos previsto reducir puestos fuera de convenio en 2024,-,6344600.0,,,,1762040.0,1890251.0,,,,,,,,,,1319724.0,1598652.0,,,,,,,,,,1450704.0,,,,,1387210.0,713898.0,,,,,,,,,,,,853838.0,,1980000.0,1150000.0,,,,,,,,,,,,,,,,,,,,,,,,,,,,,,,,,,,,,,,,,,,,,,,,,,,No tenemos asignado bonus a este nivel jer치rquico,No tenemos asignado bonus a este nivel jer치rquico,No tenemos asignado bonus a este nivel jer치rquico,No tenemos asignado bonus a este nivel jer치rquico,No tenemos asignado bonus a este nivel jer치rquico,No tenemos asignado bonus a este nivel jer치rquico,NO otorgamos el beneficio de Medicina Prepaga a ning칰n empleado,No,Si,No,No,No,No,Si,No,No,Si,No,Si,Si,No,No,No,No,No,No,No,No,No,No,No,No,No,No,No,0,No,No,Pyme,Industria
2024-08-22 17:30:22.728,"Energ칤a, Petroleo, Miner칤a, Servicios relacionados",1 - 50 empleados,Pyme,1 - 10%,1 - 10%,71 - 80%,121 - 130%,Mismo % que se negocie con el gremio (paritarias),No,8,"Si, a lo largo de todo el a침o",No tenemos previsto reducir puestos fuera de convenio en 2024,-,,,,,,,,,,,,,,,,,,,,,,,,,,,,,,,,,800000.0,,,,,,,,,,,,,,,,,,,,,,,,,,,,,,,,,,,,,,,,,,2700000.0,1900000.0,1200000.0,,,,,,,,,,,,,,,,,,,,800000.0,700000.0,No tenemos asignado bonus a este nivel jer치rquico,No tenemos asignado bonus a este nivel jer치rquico,No tenemos asignado bonus a este nivel jer치rquico,No tenemos asignado bonus a este nivel jer치rquico,No tenemos asignado bonus a este nivel jer치rquico,No tenemos asignado bonus a este nivel jer치rquico,NO otorgamos el beneficio de Medicina Prepaga a ning칰n empleado,No,No,En an치lisis / desarrollo,No,En an치lisis / desarrollo,En an치lisis / desarrollo,No,En an치lisis / desarrollo,No,No,No,No,No,No,No,No,En an치lisis / desarrollo,No,En an치lisis / desarrollo,No,No,Si,En an치lisis / desarrollo,En an치lisis / desarrollo,En an치lisis / desarrollo,En an치lisis / desarrollo,En an치lisis / desarrollo,En an치lisis / desarrollo,No,,,Pyme,Energ칤a y Miner칤a
2024-08-26 08:14:18.329,"Energ칤a, Petroleo, Miner칤a, Servicios relacionados",1 - 50 empleados,Pyme,1 - 10%,1 - 10%,41 - 50%,91 - 100%,IPC Nacional,0,8,"Si, en el segundo semestre",No tenemos previsto reducir puestos fuera de convenio en 2024,-,11500000.0,,,,,,,,,,,,,,,,,,,,,,,,,,800000.0,,,,,,400000.0,,,,,,,,,,,,,,,,,,,,,,,,,,,,,,,,,,,,,,,,,,1000000.0,,700000.0,1800000.0,600000.0,,,,,,,,,,,,,,,,,,,,No tenemos asignado bonus a este nivel jer치rquico,No tenemos asignado bonus a este nivel jer치rquico,No tenemos asignado bonus a este nivel jer치rquico,No tenemos asignado bonus a este nivel jer치rquico,No tenemos asignado bonus a este nivel jer치rquico,No tenemos asignado bonus a este nivel jer치rquico,NO otorgamos el beneficio de Medicina Prepaga a ning칰n empleado,No,Si,Si,No,No,No,No,Si,No,Si,No,Si,No,No,No,No,No,No,No,No,No,No,Si,Si,No,No,Si,No,0,"Instaladores, tecnicos de terreno.",,Pyme,Energ칤a y Miner칤a
2024-08-26 08:30:25.082,Comercio,1 - 50 empleados,Pyme,1 - 10%,1 - 10%,31 - 40%,No tenemos definido a칰n que aumento dar en todo el a침o 2024,Mismo % que se negocie con el gremio (paritarias),0,No esta definido todav칤a,"Si, en el segundo semestre","Si, en el primer semestre",-,,,,4000000.0,,1500000.0,,,,,,,,,900000.0,,,,,,,,,,,,1580000.0,,,,1430000.0,,975900.0,,932400.0,,,,,,,,,,,,,,,,,,,,,,,,,1000000.0,,,,,,,,,,,,,,,,,,,,,,,,,,,,,,,,,,,,,,,No tenemos asignado bonus a este nivel jer치rquico,No tenemos asignado bonus a este nivel jer치rquico,No tenemos asignado bonus a este nivel jer치rquico,No tenemos asignado bonus a este nivel jer치rquico,No tenemos asignado bonus a este nivel jer치rquico,No tenemos asignado bonus a este nivel jer치rquico,NO otorgamos el beneficio de Medicina Prepaga a ning칰n empleado,No,En an치lisis / desarrollo,No,No,No,No,Si,Si,Si,No,Si,No,No,No,No,No,No,No,No,No,No,No,No,Si,No,No,No,No,ninguno,,,Pyme,Comercio
2024-08-26 22:26:51.788,Industria,1 - 50 empleados,Pyme,1 - 10%,No daremos aumentos en el mes de Agosto 2024,> 120%,171 - 180%,Tomamos otro indicador / par치metro para dar los aumentos (indicar abajo),Unos puntos menos del IPC nacional,6,"Si, a lo largo de todo el a침o",No tenemos previsto reducir puestos fuera de convenio en 2024,-,13524000.0,,,3600000.0,,,,,,,,,,,,,910000.0,,,,,,,,,2099000.0,,,,,1340000.0,,,,,,,,,,,,,,,2680000.0,,,,,,,,,1067000.0,,,,,,,,,,,,,,,,,,,,,,,,,,,,,,,,,,,,,,,,,,,,3 sueldos,No tenemos asignado bonus a este nivel jer치rquico,2 sueldos,1 sueldo,No tenemos asignado bonus a este nivel jer치rquico,No tenemos asignado bonus a este nivel jer치rquico,Otorgamos a TODOS los niveles Directores - Gerentes - Jefes - Supervisores - Analista - Empleados,No,En an치lisis / desarrollo,No,En an치lisis / desarrollo,No,En an치lisis / desarrollo,Si,Si,No,No,No,No,No,No,No,Si,No,Si,Si,No,Si,Si,Si,No,En an치lisis / desarrollo,En an치lisis / desarrollo,No,Si,0,0,0,Pyme,Industria
,,,,,,,,,,,,,,,,,,,,,,,,,,,,,,,,,,,,,,,,,,,,,,,,,,,,,,,,,,,,,,,,,,,,,,,,,,,,,,,,,,,,,,,,,,,,,,,,,,,,,,,,,,,,,,,,,,,,,,,,,,,,,,,,,,,,,,,,,,,,,,,,,,,,,,Otro,
,,,,,,,,,,,,Numero,,1.0,2,3.0,4.0,5.0,6.0,7.0,8.0,9.0,10.0,11.0,12.0,13.0,14.0,15.0,16.0,17.0,18.0,19.0,20.0,21.0,22.0,23.0,24.0,25.0,26.0,27.0,28.0,29.0,30.0,31.0,32.0,33.0,34.0,35.0,36.0,37.0,38.0,39.0,40.0,41.0,42.0,43.0,44.0,45.0,46.0,47.0,48.0,49.0,50.0,51.0,52.0,53.0,54.0,55.0,56.0,57.0,58.0,59.0,60.0,61.0,62.0,63.0,64.0,65.0,66.0,67.0,68.0,69.0,70.0,71.0,72.0,73.0,74.0,75.0,76.0,77.0,78.0,79.0,80.0,81.0,82.0,83.0,84.0,85.0,86.0,87.0,88.0,89.0,90.0,91.0,92.0,93.0,94.0,95.0,96.0,97.0,98.0,,,,,,,,,,,,,,,,,,,,,,,,,,,,,,,,,,,,,,,Otro,
,,,,,,,,,,,,Cantidad respustas,,39.0,16,20.0,29.0,31.0,35.0,11.0,32.0,10.0,18.0,21.0,11.0,15.0,14.0,24.0,14.0,16.0,9.0,8.0,9.0,6.0,7.0,7.0,1.0,15.0,38.0,43.0,43.0,19.0,14.0,15.0,37.0,35.0,11.0,27.0,15.0,19.0,10.0,14.0,14.0,31.0,33.0,12.0,25.0,18.0,12.0,14.0,10.0,10.0,12.0,13.0,11.0,15.0,11.0,14.0,20.0,24.0,21.0,8.0,26.0,31.0,8.0,25.0,22.0,24.0,9.0,19.0,18.0,10.0,9.0,4.0,4.0,10.0,14.0,12.0,12.0,13.0,9.0,8.0,5.0,26.0,31.0,22.0,29.0,8.0,13.0,7.0,4.0,7.0,6.0,10.0,12.0,7.0,7.0,4.0,13.0,11.0,11.0,,,,,,,,,,,,,,,,,,,,,,,,,,,,,,,,,,,,,,,Otro,
,,,,,,,,,,,,Grande,,15.0,9,8.0,11.0,15.0,14.0,7.0,15.0,5.0,11.0,11.0,6.0,5.0,5.0,11.0,5.0,5.0,5.0,4.0,4.0,4.0,3.0,3.0,1.0,7.0,16.0,18.0,18.0,12.0,7.0,9.0,17.0,12.0,7.0,12.0,9.0,13.0,8.0,7.0,7.0,13.0,15.0,7.0,12.0,11.0,6.0,5.0,5.0,6.0,6.0,6.0,6.0,9.0,7.0,8.0,11.0,12.0,12.0,7.0,12.0,15.0,5.0,13.0,12.0,11.0,4.0,9.0,8.0,6.0,4.0,4.0,2.0,6.0,11.0,7.0,7.0,7.0,3.0,3.0,5.0,14.0,13.0,16.0,16.0,8.0,8.0,7.0,4.0,5.0,5.0,7.0,10.0,6.0,6.0,3.0,9.0,6.0,5.0,,,,,,,,,,,,,,,,,,,,,,,,,,,,,,,,,,,,,,,Otro,
,,,,,,,,,,,,Pyme,,24.0,7,12.0,18.0,16.0,21.0,4.0,17.0,5.0,7.0,10.0,5.0,10.0,9.0,13.0,9.0,11.0,4.0,4.0,5.0,2.0,4.0,4.0,,8.0,22.0,25.0,25.0,7.0,7.0,6.0,20.0,23.0,4.0,15.0,6.0,6.0,2.0,7.0,7.0,18.0,18.0,5.0,13.0,7.0,6.0,9.0,5.0,4.0,6.0,7.0,5.0,6.0,4.0,6.0,9.0,12.0,9.0,1.0,14.0,16.0,3.0,12.0,10.0,13.0,5.0,10.0,10.0,4.0,5.0,,2.0,4.0,3.0,5.0,5.0,6.0,6.0,5.0,,12.0,18.0,6.0,13.0,,5.0,,,2.0,1.0,3.0,2.0,1.0,1.0,1.0,4.0,5.0,6.0,,,,,,,,,,,,,,,,,,,,,,,,,,,,,,,,,,,,,,,Otro,
,,,,,,,,,,,,,,,,,,,,,,,,,,,,,,,,,,,,,,,,,,,,,,,,,,,,,,,,,,,,,,,,,,,,,,,,,,,,,,,,,,,,,,,,,,,,,,,,,,,,,,,,,,,,,,,,,,,,,,,,,,,,,,,,,,,,,,,,,,,,,,,,,,,,,,Otro,
,,,,,Sueldo Bruto Mensual (Empresas Grandes),,,,,,,,,,,,,,,,,,,,,,,,1.5,,,,,,,,,,,,,,,,,,,,,,,,,,,,,,,,,,,,,,,,,,,,,,,,,,,,,,,,,,,,,,,,,,,,,,,,,,,,,,,,,,,,,,,,,,,,,,,,,,,,,,,,,,,,,,,,,,,,,,,,,Otro,
,,,,,Grande 201 -> 500+,CEO,DIRECTOR,GERENTE,JEFE,,,,,,Grande 201 -> 500+,,,,,,,,,,,,,,,,,,,,,,,,,,,,,,,,,,,,,,,,,,,,,,,,,,,,,,,,,,,,,,,,,,,,,,,,,,,,,,,,,,,,,,,,,,,,,,,,,,,,,,,,,,,,,,,,,,,,,,,,,,,,,,,,,,,,,,,Otro,
,,,,,Percentil 25,11997802,7990000,4124407.6785714286,1845593.7232142857,,Grande,P25,,11997802.0,1200000,8025000.0,5500000.0,2210224.5,1632000.0,1316964.5,1083544.0,5000000.0,1870000.0,1200000.0,4900000.0,2350000.0,1420632.0,900000.0,2355000.0,980000.0,1200000.0,1960000.0,1070000.0,2737500.0,1475500.0,976060.0,,7600000.0,3827500.0,1600000.0,1010750.0,1854000.0,1213000.0,1650000.0,980000.0,857500.0,1950000.0,1135500.0,1900000.0,1130683.0,1506500.0,813150.0,8400000.0,3834000.0,2131224.5,1800000.0,1385000.0,995000.0,4967500.0,2250000.0,1235000.0,2900000.0,1650000.0,1109938.5,1250538.25,992322.5,6550000.0,1752500.0,1402000.0,1070250.0,1350000.0,3696385.0,1578000.0,1121814.5,2900000.0,1999637.0,1484500.0,925000.0,3088822.5,1900000.0,1075000.0,950000.0,1223750.0,1950000.0,,2350000.0,1151350.0,2100000.0,2265168.5,1121616.5,2275000.0,1748302.0,7500000.0,3840000.0,1837500.0,1392250.0,1054174.75,1655500.0,845000.0,990000.0,8425000.0,4000000.0,2500000.0,1325000.0,1075000.0,1800000.0,1085196.25,1706000.0,1100000.0,937500.0,318601.0,,,,,,,,,,,,,,,,,,,,,,,,,,,,,,,,,,,,,,,Otro,
,,,,,Percentil 50,14000000,9544414,4850550.2,2315649.1785714286,,Grande,P50,,14000000.0,1336506,9550000.0,6064538.0,3329000.0,1985138.0,1500000.0,1200000.0,6200000.0,2800000.0,1400000.0,5819894.5,2694272.0,1500000.0,980000.0,2500000.0,1100000.0,1300000.0,2015000.0,1150000.0,3200000.0,1550000.0,1000000.0,1600000.0,9820000.0,4750000.0,2600000.0,1133000.0,2386456.0,1500000.0,2400000.0,1166000.0,902500.0,2100000.0,1309270.0,2400000.0,1370000.0,1700000.0,870000.0,9802070.0,5000000.0,2500000.0,2000000.0,1550000.0,1200000.0,5437969.5,2402948.0,1250000.0,4283957.0,1987229.0,1376377.0,1650000.0,1264500.0,8700000.0,2625000.0,2000000.0,1150000.0,1548199.0,4050000.0,2525000.0,1300000.0,4100000.0,2300000.0,1755008.0,1100000.0,3350000.0,2100000.0,1380942.5,1117000.0,1316730.0,2400000.0,3558500.0,2892000.0,1340000.0,3467861.0,2704227.0,1504233.0,2300000.0,1996604.0,9500000.0,4120000.0,2400000.0,1630418.5,1200000.0,1800000.0,1250000.0,1200000.0,9050000.0,4123394.0,3155411.0,2000000.0,1431815.0,2500000.0,1298892.5,1890000.0,1196774.0,1275000.0,510000.0,,,,,,,,,,,,,,,,,,,,,,,,,,,,,,,,,,,,,,,Otro,
,,,,,Percentil 75,16000000,12030490.9,6398326.821428572,2786889.5625,,Grande,P75,,16000000.0,1750000,11874195.25,7625000.0,3650000.0,2174122.5,1818251.5,1403863.5,8244766.0,3271798.5,1700000.0,7548928.75,2694272.0,1509943.0,1100000.0,2557613.0,1200000.0,1419000.0,2437500.0,1200000.0,3550274.0,1610000.0,1075000.0,,12017911.0,6320176.5,2708533.0,1466250.0,2842010.75,1948154.5,2800000.0,1249484.0,975845.5,3856353.5,1540000.0,2610000.0,1400000.0,1800000.0,937555.0,13334780.5,9400000.0,3310000.0,2996000.0,2115000.0,1615000.0,5918984.75,2530000.0,1307930.0,5841978.5,2343614.5,1475000.0,2947109.75,1720511.75,11608245.0,3706826.75,2498691.5,1270000.0,1967500.0,4175000.0,3349214.25,1489729.5,4508297.0,3000000.0,2030012.5,1327000.0,3625000.0,2358394.0,1558500.0,1183500.0,1363845.0,3212522.25,,3813930.5,1553326.5,3741626.0,3749052.5,1618000.0,2595000.0,2148302.0,12861625.0,5109925.0,3235772.5,2037500.0,1607500.0,2347055.5,1416762.25,1401154.0,10063942.75,6100000.0,3200000.0,2171000.0,1516500.0,2576172.0,1575000.0,2120000.0,1373758.0,1462500.0,510775.0,,,,,,,,,,,,,,,,,,,,,,,,,,,,,,,,,,,,,,,Otro,
,,,,,Promedio,14139076.333333334,9964603.95,5355802.808605382,2486788.6263542133,,Grande,Promedio,,14139076.333333334,1603736.888888889,10231879.0,6748823.636363637,3048126.933333333,2004595.642857143,1522918.857142857,1297724.933333333,6988953.2,2584478.090909091,1956209.2727272727,6526405.166666667,2535708.8,1477115.0,1001043.5454545454,2356522.6,1116424.0,1209800.0,2382500.0,1120000.0,3087774.0,1540333.3333333333,1034040.0,,9513092.0,5656383.0625,2570424.6470588236,1315382.0555555555,2511785.4166666665,1632064.857142857,2743847.111111111,1127025.0588235294,925734.5,2802378.0,1483786.5454545454,2558336.222222222,1455838.0,1496375.0,849269.2857142857,10734456.0,6238970.0,3110116.7333333334,2351794.1428571427,1989717.5,1559260.9090909092,5460989.833333333,2516589.6,1288586.0,4402985.666666667,2174243.0,1280292.3333333333,2624504.0,1489048.0,9261854.285714284,3071690.0,2485302.1818181816,1307583.3333333333,1889180.3333333333,3836774.0,2509670.25,1491612.066666667,4141659.4,2798149.153846154,1977341.6666666667,1119833.5454545454,3363822.5,2258349.6666666665,1364985.625,1135666.6666666667,1270865.0,2762522.25,,2915996.6666666665,1317690.0,3047152.714285714,3176095.5714285714,1469328.3333333333,2480000.0,1932201.3333333333,9904650.0,4321165.769230769,2820769.5833333335,1770259.0625,1289878.3125,2121020.25,1098435.0,1194649.857142857,9438942.75,4944678.8,2885761.0,1741714.2857142857,1433584.4,2314733.4,1626568.0,1920666.6666666667,1281860.6666666667,1200833.3333333333,467875.2,,,,,,,,,,,,,,,,,,,,,,,,,,,,,,,,,,,,,,,Otro,
,,,,,,,,,,,,,,,,,,,,,,,,,,,,,,,,,,,,,,,,,,,,,,,,,,,,,,,,,,,,,,,,,,,,,,,,,,,,,,,,,,,,,,,,,,,,,,,,,,,,,,,,,,,,,,,,,,,,,,,,,,,,,,,,,,,,,,,,,,,,,,,,,,,,,,Otro,
,,,,,Sueldo Bruto Mensual (Empresas Pymes),,,,,,,,,,,,,,,,,,,,,,,,,,,,,,,,,,,,,,,,,,,,,,,,,,,,,,,,,,,,,,,,,,,,,,,,,,,,,,,,,,,,,,,,,,,,,,,,,,,,,,,,,,,,,,,,,,,,,,,,,,,,,,,,,,,,,,,,,,,,,,,,,Otro,
,,,,,Pyme 1 -> 200,CEO,DIRECTOR,GERENTE,JEFE,,,,,,Pyme 1 -> 200,,,,,,,,,,,,,,,,,,,,,,,,,,,,,,,,,,,,,,,,,,,,,,,,,,,,,,,,,,,,,,,,,,,,,,,,,,,,,,,,,,,,,,,,,,,,,,,,,,,,,,,,,,,,,,,,,,,,,,,,,,,,,,,,,,,,,,,Otro,
,,,,,Percentil 25,6518750,4178433.8333333335,2644362.05,1444512.34,,Pyme,P25,,6518750.0,990000,4340000.0,2807870.5,1935260.0,1127500.0,875000.0,906000.0,2549000.0,1760000.0,1003194.25,2800000.0,1800000.0,980840.0,776950.0,1384180.0,767500.0,982750.0,1390500.0,961000.0,3525000.0,1072500.0,788000.0,,3916301.5,2425000.0,1521000.0,906000.0,1690000.0,887452.0,1433750.0,911750.0,663548.5,1246000.0,913200.0,1625000.0,1125000.0,,575662.0,4279000.0,2800000.0,1583000.0,1270000.0,1000000.0,857919.0,2710000.0,1528844.0,736931.0,2800000.0,1340000.0,738865.0,1300000.0,825000.0,,1600000.0,1190000.0,865000.0,1050000.0,,1470750.0,952809.5,,1698000.0,1059250.0,796250.0,2037500.0,1575441.25,917500.0,832500.0,820952.0,,,1646000.0,924000.0,1143000.0,1650000.0,928690.125,1381833.25,1000000.0,,1989250.0,1500000.0,1220174.25,790000.0,,980000.0,,,,,1202546.0,966719.0,,,,866250.0,690000.0,264250.0,,,,,,,,,,,,,,,,,,,,,,,,,,,,,,,,,,,,,,,Otro,
,,,,,Percentil 50,7950000,4981333.333333333,2886907.533333333,1728494.0192307692,,Pyme,P50,,7950000.0,1100000,5000000.0,3500000.0,2500000.0,1525000.0,945000.0,1100000.0,2800000.0,1950000.0,1159000.0,3380000.0,1955000.0,1293000.0,872500.0,1750000.0,864000.0,1045000.0,1452000.0,1020000.0,3750000.0,1175000.0,850000.0,,5433000.0,3207500.0,1880000.0,1100000.0,1734000.0,1234404.0,1517181.5,1085500.0,770000.0,1392500.0,1100000.0,2575000.0,1242500.0,1550000.0,650000.0,4511000.0,3154000.0,1800000.0,1450000.0,1280000.0,995000.0,2957500.0,1700000.0,820000.0,2900000.0,1400000.0,850000.0,1500000.0,870000.0,3317113.0,1912559.0,1267571.0,1051000.0,1160000.0,2100000.0,1800000.0,1072434.0,2890000.0,1845000.0,1116500.0,899227.0,2447500.0,1658440.0,1053500.0,915000.0,943715.0,,2200000.0,1843453.0,1178000.0,2361593.0,1699000.0,1107380.25,1700000.0,1143000.0,,2175000.0,1750000.0,1340348.5,1100000.0,,1050000.0,,,2525000.0,2300000.0,1212660.0,1157146.0,1750000.0,1020000.0,1700000.0,937500.0,720000.0,347500.0,,,,,,,,,,,,,,,,,,,,,,,,,,,,,,,,,,,,,,,Otro,
,,,,,Percentil 75,9661248.25,6008005,3723685.575,1942274.48,,Pyme,P75,,9661248.25,1185902,6110000.0,3993300.0,2820000.0,2272250.0,1042500.0,1180000.0,3000000.0,2117000.0,1447500.0,4000000.0,2200000.0,1339000.0,1053165.0,1900000.0,1100000.0,1375000.0,1562500.0,1100000.0,3975000.0,1300000.0,905000.0,,6482500.0,4455000.0,2093000.0,1237500.0,1782111.0,1553750.0,1897340.75,1384052.5,955425.0,1488750.0,1244000.0,3558098.25,1470250.0,,997000.0,5431515.0,4488680.75,2146000.0,2351000.0,1385000.0,1145000.0,3403750.0,1750000.0,1150000.0,3344375.0,1550000.0,1007500.0,1870000.0,1000000.0,,1983649.0,1947000.0,1236112.25,1400000.0,,2082995.0,1286750.0,,2115500.0,1387500.0,1076500.0,2808750.0,1727500.0,1299122.5,1011250.0,1212660.0,,,1989752.25,1243749.0,2415418.0,1700000.0,1222500.0,1875000.0,1155181.0,,3768000.0,1900000.0,1467500.0,1150000.0,,1150000.0,,,,,1456330.0,1347573.0,,,,985000.0,800000.0,568750.0,,,,,,,,,,,,,,,,,,,,,,,,,,,,,,,,,,,,,,,Otro,
,,,,,Promedio,8426949.75,5053400.705627706,3338555.2090909095,1745405.9438366946,,Pyme,Promedio,,8426949.75,1127846.857142857,5225254.545454546,3820072.222222222,2408892.1875,1867307.2,972500.0,1104727.8823529412,2752600.0,2041285.7142857143,1209347.7,3796000.0,1972235.2222222225,1280060.111111111,908593.0,1768527.6666666667,962768.3636363636,1312750.0,1501000.0,1158200.0,3750000.0,1197500.0,843000.0,,4887229.0,3636370.090909091,1874779.64,1102281.32,1805603.142857143,1241584.5,1662727.1666666667,1104720.55,791883.0,1342250.0,1093453.1333333333,2573923.8333333335,1396748.1666666667,,770760.5714285715,5047718.571428572,3658967.944444445,1939723.5882352944,1753722.8,1271230.7692307692,1082292.4285714286,3346808.1666666665,1739760.4444444445,930586.2,3244375.0,1407123.6666666667,852932.8571428572,1617800.0,926700.0,,1733441.6,1676977.625,1061625.9166666667,1301203.111111111,,1779690.0,1166537.5,,1896221.0,1362118.3,970028.0833333334,2398750.0,1759341.3,1109251.7,928750.0,1038718.2,,,1792299.25,1052499.3333333333,1924002.2,1681600.0,1057293.4166666667,1739851.8333333333,1255436.2,,2981608.6666666665,1801540.7647058824,1308165.6666666667,1012306.3076923076,,1081915.6,,,,,1368364.0,1157146.0,,,,913750.0,813400.0,415666.6666666667,,,,,,,,,,,,,,,,,,,,,,,,,,,,,,,,,,,,,,,Otro,
,,,,,,,,,,,,,,,,,,,,,,,,,,,,,,,,,,,,,,,,,,,,,,,,,,,,,,,,,,,,,,,,,,,,,,,,,,,,,,,,,,,,,,,,,,,,,,,,,,,,,,,,,,,,,,,,,,,,,,,,,,,,,,,,,,,,,,,,,,,,,,,,,,,,,,Otro,
,,,,, Grande V.S. Pyme ,CEO,DIRECTOR,GERENTE,JEFE,,,,,,,,,,,,,,,,,,,,,,,,,,,,,,,,,,,,,,,,,,,,,,,,,,,,,,,,,,,,,,,,,,,,,,,,,,,,,,,,,,,,,,,,,,,,,,,,,,,,,,,,,,,,,,,,,,,,,,,,,,,,,,,,,,,,,,,,,,,,,Otro,
,,,,,Percentil 50,0.7610062893081762,0.9160360010706639,0.6801889717608554,0.33969175062691903,,,,,,,,,,,,,,,,,,,,,,,,,,,,,,,,,,,,,,,,,,,,,,,,,,,,,,,,,,,,,,,,,,,,,,,,,,,,,,,,,,,,,,,,,,,,,,,,,,,,,,,,,,,,,,,,,,,,,,,,,,,,,,,,,,,,,,,,,,,,,Otro,
