timestamp,rubro,tamano,tama_o,aumento_salarial_2025_pct,cantidad_aumentos_2025,aumento_acumulado_2025,indicador_aumentos,otro_indicador,prevision_incorporacion,prevision_reduccion,rotacion_2025_pct,salario_ceo,"游녻 ASISTENTE DE GERENTE GENERAL: Responsabilidad de llevar agenda laboral del Gerente General y su equipo de gerentes / directores. Gestionar y atender llamadas, correos, correspondencia, participaci칩n de eventos, etc. Participar de las reuniones de directorio, armar presentaciones, gestionar sala y equipos. Coordinar viajes, pasajes, traslados y estad칤as [Escribir el SUELDO BRUTO MENSUAL ej. 100000 sin puntos ni comas / En caso de no tener alguna posici칩n similar en la empresa escribir el valor -> 0]",salario_director_comercial,salario_gerente_ventas,salario_jefe_ventas,salario_ejecutivo_ventas,salario_analista_ecommerce,salario_analista_facturacion,salario_gerente_marketing,salario_jefe_marketing,salario_analista_marketing,salario_gerente_comex,salario_responsable_comex,salario_asistente_comex,salario_atencion_cliente,salario_jefe_hospitalidad,salario_guia_turismo,salario_jefe_alimentos_bebidas,salario_chef_ejecutivo,salario_jefe_salon,salario_gerente_ops_hotel,salario_jefe_recepcion_hotel,salario_recepcionista_hotel,salario_concierge,salario_director_admin_finanzas,salario_gerente_admin_conta,salario_jefe_admin_conta,salario_analista_contabilidad,salario_jefe_impuestos,salario_analista_impuestos,salario_jefe_finanzas,salario_analista_cuentas_pagar,salario_empleado_administrativo,salario_jefe_creditos_cobranzas,salario_analista_cobranzas,salario_jefe_control_gestion,salario_analista_control_gestion,salario_auditor_interno,salario_recepcionista,salario_director_operaciones,salario_gerente_planta,salario_jefe_produccion,salario_ingeniero_procesos,salario_supervisor_produccion,salario_analista_produccion,salario_gerente_enologia,salario_jefe_bodega,salario_supervisor_bodega,salario_gerente_agricola,salario_ingeniero_agronomo,salario_supervisor_fincas,salario_jefe_laboratorio,salario_analista_laboratorio,salario_gerente_supply_chain,salario_jefe_planificacion,salario_jefe_logistica,salario_analista_logistica,salario_supervisor_depositos,salario_gerente_compras,salario_jefe_compras,salario_comprador_analista,salario_gerente_mantenimiento,salario_jefe_mantenimiento,salario_supervisor_mantenimiento,salario_tecnico_mantenimiento,salario_gerente_calidad,salario_jefe_calidad,salario_analista_calidad,salario_tecnico_calidad,salario_dise침ador_grafico,salario_responsable_sustentabilidad,salario_gerente_seguridad,salario_jefe_seguridad,salario_tecnico_seguridad,salario_jefe_ingenieria,salario_ingeniero_proyectos,salario_asistente_proyecto,salario_jefe_obra,salario_supervisor_obra,salario_director_rrhh,salario_gerente_rrhh,salario_jefe_rrhh,salario_responsable_liquidacion,salario_analista_admin_personal,salario_jefe_seleccion,salario_analista_seleccion,salario_analista_capacitacion,salario_director_it,salario_gerente_it,salario_jefe_desarrollo,salario_programador,salario_analista_funcional,salario_jefe_redes,salario_tecnico_redes,salario_jefe_soporte,salario_analista_helpdesk,salario_joven_profesional,salario_pasante,游꾸 Bonus GERENTE GENERAL (Los bonus estan expresados en cantidad de sueldos mensuales),bonus_directores,bonus_gerentes,bonus_jefes,bonus_supervisores,bonus_analistas,benef_medicina_prepaga,benef_reintegro_medicamentos,benef_prestamos,benef_almuerzo,benef_gimnasio,benef_gift_card,benef_red_descuentos,benef_descuento_productos,benef_combustible,benef_cochera,benef_auto_gerentes,benef_auto_vendedores,benef_gastos_auto,benef_tarjeta_credito,benef_colegio,benef_pension,benef_pago_dolares,benef_posgrados,benef_coaching,benef_idiomas,benef_internet,benef_vacaciones_adicionales,benef_home_office,benef_dia_flex,benef_cumpleanos,benef_maternidad,benef_paternidad,benef_after_office,benef_integracion,comentarios_beneficios,sugerencias_puestos,comentarios_generales,categoria_tamano,rubro_corto
##########,Otro Rubro,#ERROR!,Grandes,31 - 35%,7,15%,Mismo % que se negocie con el gremio (paritarias),0,No tenemos previsto incorporar nuevos puestos fuera de convenio en 2025,No tenemos previsto reducir puestos fuera de convenio en 2025,No medimos la Rotaci칩n de los empleados fuera de convenio,,2.600.000,,,,,1704000.0,1622000.0,,2600000.0,1622000.0,,,,1504000.0,,,,,,,,,,,,2600000.0,1622000.0,,,,1622000.0,1210000.0,2900000.0,1504000.0,2118000.0,1622000.0,2600000.0,1210000.0,,,2600000.0,,,,,,,,,,,,,,,,,,2918000.0,1504000.0,,,,,,,,,1504000.0,,,,,3012000.0,,2113000.0,,,,,2600000.0,2600000.0,1800000.0,2600000.0,1800000.0,1800000.0,,,,2600000.0,2100000.0,2600000.0,1504000.0,,1504000.0,,,No tenemos asignado bonus a este nivel jer치rquico,No tenemos asignado bonus a este nivel jer치rquico,No tenemos asignado bonus a este nivel jer치rquico,No tenemos asignado bonus a este nivel jer치rquico,No tenemos asignado bonus a este nivel jer치rquico,No tenemos asignado bonus a este nivel jer치rquico,Otorgamos SOLO a Directores y Gerentes,No,En an치lisis / desarrollo,Si,No,No,No,Si,No,No,No,Si,Si,Si,No,No,No,Si,Si,Si,No,No,No,Si,Si,No,No,No,Si,"regalos corporativos por d칤as festivos, regalos por nacimiento de hijo",,,Otro,Otro Rubro
##########,Vitivin칤cola,#ERROR!,Grandes,26 - 30%,2,12%,IPC Nacional,"Nosotros no tomamos un solo item, consideramos IPC nacional y encuestas",No tenemos previsto incorporar nuevos puestos fuera de convenio en 2025,No tenemos previsto reducir puestos fuera de convenio en 2025,1 - 5 %,19722471.0,2.190.692,15931249.0,7434653.0,2910024.0,2444644.0,,1560065.0,10066860.0,4337799.0,2616676.0,8900000.0,,1771903.0,,2247636.0,1219609.0,1619046.0,2713264.0,1619046.0,4929860.0,,1219609.0,,13712309.0,,3216562.0,1370925.0,,,,1506899.0,1187048.0,3567749.0,1623404.0,,2541500.0,,,12507441.0,6523965.0,2775007.0,3300000.0,2900000.0,,7397692.0,3086797.0,2021740.0,7181893.0,2853125.0,1716067.0,1577184.0,1269576.0,,3400000.0,3243351.0,2077107.0,2016361.0,5928108.0,3677411.0,1463350.0,5704800.0,2563135.0,2195811.0,,5080753.0,2600000.0,1289818.0,,,5826222.0,5826222.0,2527189.0,1800000.0,,,,,,,7986906.0,3620248.0,2312104.0,,3286692.0,1813199.0,,,,,,,1813199.0,1587266.0,,,,,4 sueldos,4 sueldos,3 sueldos,No tenemos asignado bonus a este nivel jer치rquico,No tenemos asignado bonus a este nivel jer치rquico,No tenemos asignado bonus a este nivel jer치rquico,Otorgamos a TODOS los niveles Directores - Gerentes - Jefes - Supervisores - Analista - Empleados,No,No,Si,Si,Si,No,Si,Si,No,Si,No,Si,Si,No,No,No,No,Si,Si,No,Si,Si,No,No,No,No,No,Si,"Dia de la familia, canasta navide침a,",,,Otro,Vitivin칤cola
##########,Comercio,#ERROR!,Grandes,31 - 35%,10,18%,Mismo % que se negocie con el gremio (paritarias),.,"Si, a lo largo de todo el a침o",No tenemos previsto reducir puestos fuera de convenio en 2025,1 - 5 %,,0,,,,,1700000.0,1500000.0,,3500000.0,2000000.0,,,,,,,,,,,,,,,7000000.0,3500000.0,1500000.0,3000000.0,1500000.0,3500000.0,1500000.0,1000000.0,,,,,,,,6000000.0,3000000.0,3000000.0,2000000.0,,,,,,,,,,,,,,,,4500000.0,3000000.0,,4000000.0,3000000.0,2000000.0,,3000000.0,1500000.0,,,,,3500000.0,2500000.0,,3500000.0,,,2500000.0,,4500000.0,,3000000.0,1500000.0,2500000.0,1500000.0,1500000.0,,4500000.0,3500000.0,2000000.0,1500000.0,3500000.0,,2500000.0,,,500000.0,No tenemos asignado bonus a este nivel jer치rquico,No tenemos asignado bonus a este nivel jer치rquico,No tenemos asignado bonus a este nivel jer치rquico,No tenemos asignado bonus a este nivel jer치rquico,No tenemos asignado bonus a este nivel jer치rquico,No tenemos asignado bonus a este nivel jer치rquico,Otorgamos SOLO a Directores y Gerentes,No,Si,No,No,Si,No,Si,No,No,Si,No,Si,No,No,No,No,No,No,No,No,No,No,No,No,No,No,No,No,0,incluiria el 치rea de seguridad en la empresa en nuestro cas tenemos parta en la nomina de la empresa y el resto tercerizada pero estaria bueno poder compaarlo,0,Otro,Comercio
##########,Vitivin칤cola,#ERROR!,Grandes,No tenemos definido el aumento total para el 2025 (lo veremos mes a mes),No esta definido todav칤a,12%,Tomamos otro indicador / par치metro para dar los aumentos (indicar abajo),IPC + encuestas salariales + Resultados de negocio,No tenemos previsto incorporar nuevos puestos fuera de convenio en 2025,"Si, a lo largo de todo el a침o",6 - 10 %,,0,16490000.0,6720000.0,4600200.0,,,1764800.0,9053780.0,3253801.0,1949568.0,,,1795898.0,,3107765.0,1560000.0,,,,,,,,16490000.0,5674000.0,2892421.0,1932670.0,2808911.0,1932400.0,2892350.0,,1441236.0,,,3077230.0,2436700.0,,,,5555000.0,3487488.0,1600000.0,2300900.0,,8807500.0,4521340.0,2470895.0,5888137.0,2949650.0,1856235.0,2491726.0,1232000.0,5163254.0,2702909.0,2286390.0,1075000.0,2175955.0,,,2693000.0,,3871881.0,2408176.0,,,3598424.0,1350000.0,,2611598.0,,,3428663.0,1359000.0,,2307154.0,,,,,6450324.0,3500555.0,,1420560.0,,1800930.0,,,,,,,,,,,1590000.0,,No tenemos asignado bonus a este nivel jer치rquico,6 sueldos,4 sueldos,"2,5 sueldos",1 sueldo,1 sueldo,Otorgamos a TODOS los niveles Directores - Gerentes - Jefes - Supervisores - Analista - Empleados,No,Si,Si,Si,No,Si,Si,No,Si,Si,Si,Si,Si,Si,No,No,Si,Si,Si,No,No,Si,Si,No,Si,Si,Si,Si,0,,aumentar cantidad de bonus (sueldos) para posicion de director y gerente,Otro,Vitivin칤cola
##########,"Energ칤a, Petroleo, Miner칤a, Servicios relacionados",#ERROR!,Grandes,31 - 35%,4,20%,Mismo % que se negocie con el gremio (paritarias),1,"Si, a lo largo de todo el a침o",No tenemos previsto reducir puestos fuera de convenio en 2025,11 - 15%,,1.300.000,,,,,,,,,,,,,,,,,,,,,,,,,,,,,,,,,,,,,,,,,,,,,,,,,,,,,,,,,,,,,,,,,,,,,,,,,,,,2700000.0,,,7000000.0,,4000000.0,2300000.0,4000000.0,,,,,,,,,,,,,,3 sueldos,3 sueldos,3 sueldos,3 sueldos,3 sueldos,3 sueldos,Otorgamos a TODOS los niveles Directores - Gerentes - Jefes - Supervisores - Analista - Empleados,No,Si,Si,Si,No,No,No,No,Si,No,No,Si,Si,No,No,No,Si,Si,Si,No,No,Si,Si,Si,Si,Si,Si,Si,na,,no,Otro,Energ칤a y Miner칤a
##########,Comercio,201 - 500 empleados,Grandes,16 - 20 %,6,12%,Mismo % que se negocie con el gremio (paritarias),Categor칤a Interna,"Si, en el segundo semestre",No tenemos previsto reducir puestos fuera de convenio en 2025,1 - 5 %,,0,,,2800000.0,,,1500000.0,,,1500000.0,,,,1600000.0,,,,,,,,,,,,,1600000.0,,1600000.0,2800000.0,1600000.0,1300000.0,,1600000.0,3360000.0,1600000.0,1300000.0,1400000.0,,,2500000.0,,,,,,,,,,,,,2000000.0,,1600000.0,2400000.0,,3300000.0,1600000.0,2800000.0,,,1800000.0,,2000000.0,1700000.0,,,,,2700000.0,,,,,,,,2880000.0,,,1800000.0,,1600000.0,,,3300000.0,,,,,,,,,,No tenemos asignado bonus a este nivel jer치rquico,No tenemos asignado bonus a este nivel jer치rquico,No tenemos asignado bonus a este nivel jer치rquico,No tenemos asignado bonus a este nivel jer치rquico,No tenemos asignado bonus a este nivel jer치rquico,No tenemos asignado bonus a este nivel jer치rquico,Otorgamos SOLO a Directores - Gerentes - Jefes,No,Si,No,No,Si,Si,Si,No,No,Si,No,Si,No,No,No,No,Si,Si,No,No,No,No,No,No,No,No,Si,No,0,0,0,Grande,Comercio
##########,Industria,201 - 500 empleados,Grandes,21 - 25%,4,> 20%,IPC Nacional,Ninguno,No tenemos previsto incorporar nuevos puestos fuera de convenio en 2025,No tenemos previsto reducir puestos fuera de convenio en 2025,No medimos la Rotaci칩n de los empleados fuera de convenio,28963166.0,0,20639884.0,14201966.0,7511455.0,6375779.0,,1365178.0,,,,11386630.0,4234628.0,3365178.0,,,,,,,,,,,18103908.0,18025915.0,6748512.0,3651985.0,7841752.0,3679928.0,7781209.0,2255016.0,,4907836.0,3017812.0,7589531.0,4388948.0,,,20662744.0,17886988.0,9247618.0,5263501.0,5980016.0,5821269.0,,,,,,,4691770.0,3727241.0,20442635.0,9158868.0,5689882.0,5460378.0,5301188.0,5617199.0,,5750132.0,9203231.0,,5812716.0,,,,,,,13719142.0,5882050.0,,2632656.0,9132950.0,3888550.0,,,,18494404.0,,10161826.0,4459588.0,,,,,16904238.0,,5004970.0,4565483.0,,,,4537331.0,,1932420.0,738300.0,6 sueldos,4 sueldos,3 sueldos,2 sueldos,1 sueldo,1 sueldo,Otorgamos a TODOS los niveles Directores - Gerentes - Jefes - Supervisores - Analista - Empleados,Si,Si,Si,Si,No,Si,No,Si,Si,Si,Si,Si,Si,No,No,No,Si,Si,Si,No,Si,Si,Si,Si,Si,Si,No,Si,Ninguno,Ninguno,Por el momento no. Gracias.,Grande,Industria
##########,Industria,201 - 500 empleados,Grandes,21 - 25%,9,15%,Mismo % que se negocie con el gremio (paritarias),IPC NACIONAL,"Si, a lo largo de todo el a침o",No tenemos previsto reducir puestos fuera de convenio en 2025,1 - 5 %,9800000.0,0,5600000.0,,,,,1480000.0,,,,,,1820000.0,,,,,,,,,,,,5600000.0,3640000.0,1570400.0,2100000.0,,2230000.0,1476700.0,1292140.0,,1470000.0,,,2270000.0,,7100000.0,,3300000.0,,1821005.0,1407500.0,,,,7500000.0,2850000.0,1821500.0,2480000.0,,,2350000.0,2200000.0,1573400.0,1407500.0,,,1821500.0,,3350000.0,2420000.0,1821500.0,,2590000.0,1821500.0,1290000.0,,,,2450000.0,,,,,,,,,2450000.0,,1573407.0,,,,,,,,,,,,,,,3 sueldos,4 sueldos,3 sueldos,2 sueldos,2 sueldos,1 sueldo,NO otorgamos el beneficio de Medicina Prepaga a ning칰n empleado,No,Si,Si,No,No,No,En an치lisis / desarrollo,Si,Si,Si,No,No,No,No,No,No,No,No,No,No,No,No,Si,En an치lisis / desarrollo,No,No,No,No,-,,,Grande,Industria
##########,Construcci칩n,201 - 500 empleados,Grandes,No tenemos definido el aumento total para el 2025 (lo veremos mes a mes),No esta definido todav칤a,8%,Mismo % que se negocie con el gremio (paritarias),No,No tenemos previsto incorporar nuevos puestos fuera de convenio en 2025,No tenemos previsto reducir puestos fuera de convenio en 2025,No medimos la Rotaci칩n de los empleados fuera de convenio,,0,,,3000000.0,,,1800000.0,,,,,,,,,,,,,,,,,,,3000000.0,1800000.0,,,,1800000.0,,,,,1800000.0,,,,4900000.0,3800000.0,,2300000.0,,,,,,,,,,,,2500000.0,,,,4600000.0,1900000.0,,2500000.0,,1500000.0,,3000000.0,,2200000.0,,,,3000000.0,2200000.0,4200000.0,,2200000.0,3900000.0,2800000.0,,,3000000.0,,1700000.0,,,,,,,,,,,,,,,No tenemos asignado bonus a este nivel jer치rquico,No tenemos asignado bonus a este nivel jer치rquico,No tenemos asignado bonus a este nivel jer치rquico,No tenemos asignado bonus a este nivel jer치rquico,No tenemos asignado bonus a este nivel jer치rquico,No tenemos asignado bonus a este nivel jer치rquico,Otorgamos a TODOS los niveles Directores - Gerentes - Jefes - Supervisores - Analista - Empleados,No,Si,Si,No,No,No,No,Si,No,Si,No,No,No,No,No,No,No,No,No,No,No,No,No,No,No,No,No,No,No,,,Grande,Construcci칩n
##########,"Gastronom칤a, Hoteler칤a y Turismo",201 - 500 empleados,Grandes,16 - 20 %,3,10%,Mismo % que se negocie con el gremio (paritarias),.,No tenemos previsto incorporar nuevos puestos fuera de convenio en 2025,"Si, a lo largo de todo el a침o",1 - 5 %,11635500.0,0,,,,,,,,,,,,,,,,2580000.0,4700000.0,2170000.0,4700000.0,2343000.0,1836000.0,1689500.0,5077000.0,3202000.0,,1914000.0,,1579000.0,,1628000.0,,1608000.0,1608000.0,,,2195000.0,,,,,,,,,,,,,,,,,,,,,,2825000.0,1517000.0,4700000.0,,2215000.0,,,,,,,,,,,,,,,,5077000.0,,,2825000.0,1559000.0,2825000.0,,1559000.0,,3960000.0,,,,,,1840000.0,1292600.0,,,4 sueldos,4 sueldos,No tenemos asignado bonus a este nivel jer치rquico,No tenemos asignado bonus a este nivel jer치rquico,No tenemos asignado bonus a este nivel jer치rquico,No tenemos asignado bonus a este nivel jer치rquico,Otorgamos SOLO a Directores - Gerentes - Jefes,No,No,Si,Si,No,Si,Si,No,No,Si,No,No,Si,No,Si,No,Si,En an치lisis / desarrollo,Si,Si,No,Si,No,Si,No,Si,Si,Si,0,0,.,Grande,Gastronom칤a y Turismo
##########,"Transporte, Log칤stica, Almacenamiento",201 - 500 empleados,Grandes,26 - 30%,4,19%,Mismo % que se negocie con el gremio (paritarias),0,No tenemos previsto incorporar nuevos puestos fuera de convenio en 2025,No tenemos previsto reducir puestos fuera de convenio en 2025,1 - 5 %,,1.956.000,,,5200000.0,3200000.0,,,,,1850000.0,,,,,,,,,,,,,,,9000000.0,4000000.0,2700000.0,,,,,1300000.0,,,,,,,,9100000.0,,,,2200000.0,,,,,,,,,,,,,4100000.0,,4800000.0,2000000.0,,2300000.0,,1300000.0,,,,,,,,,,,,,,,,9000000.0,3300000.0,,2000000.0,,,,,9000000.0,,3300000.0,2300000.0,4300000.0,,,,,,No tenemos asignado bonus a este nivel jer치rquico,No tenemos asignado bonus a este nivel jer치rquico,1 sueldo,1 sueldo,1 sueldo,No tenemos asignado bonus a este nivel jer치rquico,Otorgamos SOLO a Directores - Gerentes - Jefes,No,Si,No,No,No,No,Si,Si,Si,No,No,No,No,No,No,No,No,Si,No,No,No,En an치lisis / desarrollo,No,No,No,No,Si,No,0,,,Grande,Transporte y Log칤stica
##########,Vitivin칤cola,201 - 500 empleados,Grandes,36 - 40%,3,> 20%,Tomamos otro indicador / par치metro para dar los aumentos (indicar abajo),Canasta UCEMA,No tenemos previsto incorporar nuevos puestos fuera de convenio en 2025,"Si, a lo largo de todo el a침o",No medimos la Rotaci칩n de los empleados fuera de convenio,20000000.0,0,15000000.0,12000000.0,4200000.0,2200000.0,,,15000000.0,7500000.0,1965000.0,4897000.0,,,,1975000.0,1260000.0,2900000.0,5697000.0,2100000.0,3237000.0,,1410000.0,3000000.0,,5235000.0,2900000.0,,,,2260000.0,1720000.0,,,1625000.0,3600000.0,2155000.0,,,8415000.0,4495000.0,3300000.0,,2800000.0,1800000.0,8300000.0,2700000.0,1625000.0,,3900000.0,1500000.0,1800000.0,1300000.0,,3300000.0,,1200000.0,,,2750000.0,,,,1900000.0,,,2240000.0,,,1965000.0,,,,,,,,,,,,,,1530000.0,,,,,,,,,,,,,,400000.0,6 sueldos,6 sueldos,2 sueldos,1 sueldo,1 sueldo,No tenemos asignado bonus a este nivel jer치rquico,Otorgamos a TODOS los niveles Directores - Gerentes - Jefes - Supervisores - Analista - Empleados,No,No,No,No,No,No,Si,No,Si,No,No,No,No,No,No,No,No,No,No,No,No,Si,No,Si,No,No,No,No,No,Director/ Gerente de Hospitalidad,No,Grande,Vitivin칤cola
##########,Comercio,201 - 500 empleados,Grandes,No tenemos definido el aumento total para el 2025 (lo veremos mes a mes),No esta definido todav칤a,11%,Mismo % que se negocie con el gremio (paritarias),Se miden por lo que otorga el convenio colectivo de trabajo,No tenemos previsto incorporar nuevos puestos fuera de convenio en 2025,No tenemos previsto reducir puestos fuera de convenio en 2025,1 - 5 %,10360000.0,0,,,2450000.0,1800000.0,1400000.0,1250000.0,,,,,,,,,,,,,,,,,,,,,,,,,930000.0,,930000.0,,,,,,,,,,,,,,,,,,,3100000.0,,2000000.0,,1500000.0,3100000.0,3500000.0,,,,,,,,,,800000.0,,,,,,2000000.0,1100000.0,,,,,1700000.0,,,,,,,,,1300000.0,,,,,,,350000.0,No tenemos asignado bonus a este nivel jer치rquico,No tenemos asignado bonus a este nivel jer치rquico,1 sueldo,No tenemos asignado bonus a este nivel jer치rquico,No tenemos asignado bonus a este nivel jer치rquico,No tenemos asignado bonus a este nivel jer치rquico,Otorgamos SOLO a Directores - Gerentes - Jefes,No,No,Si,No,No,Si,Si,Si,No,No,No,No,Si,No,No,No,No,No,No,No,Si,No,Si,No,No,No,En an치lisis / desarrollo,En an치lisis / desarrollo,Por el momento ninguno,En mi organizaci칩n tenemos servicios tercerizados c칩mo por ejemplo higiene y seguridad y les pagamos un canon mensual. Pero no hay ninguna posici칩n para servicios externos.,"Quiz치 poder tener en detalle, por convenio el porcentaje de aumentos asignados . Para que resulte de m치s r치pida lectura",Grande,Comercio
##########,Comercio,201 - 500 empleados,Grandes,No tenemos definido el aumento total para el 2025 (lo veremos mes a mes),No esta definido todav칤a,> 20%,No los tenemos definido todav칤a (lo vemos mes a mes),IPC NAC,No tenemos previsto incorporar nuevos puestos fuera de convenio en 2025,No tenemos previsto reducir puestos fuera de convenio en 2025,1 - 5 %,,0,,6922214.0,,,,,,,,,,,,,,,,,,,,,,6922214.0,4183630.0,,3547525.0,,,1500000.0,,,,,,1660772.0,,,,,,,,,,,,,,,,,,,,,,2378469.0,1692000.0,,,,,,,,,,,,,,,,,,,,4300126.0,2437238.0,,,,,1771400.0,,,3297482.0,2276770.0,,2900000.0,,,,,432109.0,No tenemos asignado bonus a este nivel jer치rquico,No tenemos asignado bonus a este nivel jer치rquico,No tenemos asignado bonus a este nivel jer치rquico,No tenemos asignado bonus a este nivel jer치rquico,No tenemos asignado bonus a este nivel jer치rquico,No tenemos asignado bonus a este nivel jer치rquico,Otorgamos SOLO a Directores - Gerentes - Jefes,No,Si,No,No,No,No,Si,Si,No,Si,No,Si,Si,Si,No,No,No,No,Si,No,No,Si,No,No,No,No,No,Si,-,UX/UI,,Grande,Comercio
##########,"Gastronom칤a, Hoteler칤a y Turismo",201 - 500 empleados,Grandes,11 - 15%,4,13%,IPC Nacional,no,"Si, a lo largo de todo el a침o",No tenemos previsto reducir puestos fuera de convenio en 2025,21 - 25%,,0,,,,,,1540000.0,,2860000.0,1800000.0,,,,1600000.0,2400000.0,,2600000.0,2260000.0,1980000.0,,,,,,4440000.0,2680000.0,1540000.0,1960000.0,,,1150000.0,1270000.0,,,2850000.0,1686000.0,1400000.0,1200000.0,,,2260000.0,,2085000.0,,,,,,,,,,,,,,,,3260000.0,1564000.0,,,,,,,,,,,,,,,,,,,,,2580000.0,1680000.0,1340000.0,2300000.0,,,,4440000.0,,,1600000.0,,,,,,,No tenemos asignado bonus a este nivel jer치rquico,No tenemos asignado bonus a este nivel jer치rquico,3 sueldos,No tenemos asignado bonus a este nivel jer치rquico,No tenemos asignado bonus a este nivel jer치rquico,No tenemos asignado bonus a este nivel jer치rquico,Otorgamos a TODOS los niveles Directores - Gerentes - Jefes - Supervisores - Analista - Empleados,No,Si,Si,No,En an치lisis / desarrollo,Si,Si,No,Si,No,No,No,No,No,No,No,No,No,No,No,Si,No,Si,En an치lisis / desarrollo,No,No,Si,Si,nada,nada,nada,Grande,Gastronom칤a y Turismo
##########,Vitivin칤cola,201 - 500 empleados,Grandes,21 - 25%,2,8%,IPC Nacional,N/A,No tenemos previsto incorporar nuevos puestos fuera de convenio en 2025,"Si, en el segundo semestre",1 - 5 %,35000000.0,0,10000000.0,6500000.0,4800000.0,3000000.0,2300000.0,1400000.0,5000000.0,3250000.0,2300000.0,4500000.0,,,,3500000.0,1200000.0,,2100000.0,,3800000.0,,,,,5000000.0,2500000.0,1500000.0,2100000.0,,2400000.0,1300000.0,1100000.0,2600000.0,1300000.0,2500000.0,,,,,,4000000.0,,2300000.0,1500000.0,11000000.0,5500000.0,2200000.0,7100000.0,4200000.0,1800000.0,,1350000.0,8000000.0,3700000.0,3000000.0,1300000.0,1700000.0,4800000.0,2400000.0,1600000.0,,3000000.0,2000000.0,,4700000.0,2000000.0,1500000.0,1300000.0,2200000.0,1900000.0,,2600000.0,1200000.0,,,,,,,7700000.0,2000000.0,2300000.0,,2000000.0,1300000.0,1300000.0,,8200000.0,3800000.0,,1700000.0,2900000.0,1800000.0,,1300000.0,,600000.0,4 sueldos,4 sueldos,3 sueldos,2 sueldos,No tenemos asignado bonus a este nivel jer치rquico,No tenemos asignado bonus a este nivel jer치rquico,Otorgamos a TODOS los niveles Directores - Gerentes - Jefes - Supervisores - Analista - Empleados,No,No,Si,No,No,Si,Si,Si,Si,Si,No,Si,Si,No,No,No,No,No,Si,No,Si,Si,Si,Si,No,Si,No,No,N/A,N/A,N/A,Grande,Vitivin칤cola
##########,"Gastronom칤a, Hoteler칤a y Turismo",201 - 500 empleados,Grandes,26 - 30%,No esta definido todav칤a,19%,No los tenemos definido todav칤a (lo vemos mes a mes),Depende el nivel hasta jefatura copia Sindicato. Gerencia define Directorio,No tenemos previsto incorporar nuevos puestos fuera de convenio en 2025,No tenemos previsto reducir puestos fuera de convenio en 2025,1 - 5 %,,0,,,,1600000.0,,,,,,,,,1300000.0,2500000.0,,2400000.0,,,4000000.0,2200000.0,1600000.0,,,4200000.0,2600000.0,1800000.0,,,,,1400000.0,,,,,,,,,,,,,,,,,,,,,,,,,,,,,,2600000.0,2000000.0,1600000.0,,,,,,,,,,,,,,,,4200000.0,2600000.0,2100000.0,1800000.0,,,,,,2600000.0,,,,1900000.0,,,,,No tenemos asignado bonus a este nivel jer치rquico,No tenemos asignado bonus a este nivel jer치rquico,No tenemos asignado bonus a este nivel jer치rquico,No tenemos asignado bonus a este nivel jer치rquico,No tenemos asignado bonus a este nivel jer치rquico,No tenemos asignado bonus a este nivel jer치rquico,Otorgamos SOLO a Directores y Gerentes,No,No,No,No,No,Si,No,No,Si,No,No,No,No,No,No,No,No,No,No,No,No,No,No,Si,Si,Si,No,No,0,no,no,Grande,Gastronom칤a y Turismo
##########,"Gastronom칤a, Hoteler칤a y Turismo",201 - 500 empleados,Grandes,16 - 20 %,7,16%,Mismo % que se negocie con el gremio (paritarias),.,No tenemos previsto incorporar nuevos puestos fuera de convenio en 2025,"Si, en el primer semestre",No medimos la Rotaci칩n de los empleados fuera de convenio,,0,,,,1900000.0,,1800000.0,,,1872000.0,,,,,,,,4212000.0,,,,,,,,3276000.0,1949999.0,,,,,1821123.0,,,,1821733.0,1900000.0,,,,,,,,,,,,,,,,,,,,,4000000.0,,,4000000.0,,,1200000.0,,,,,,2000000.0,,,,,,,,,,,,2050000.0,,,2050000.0,2000000.0,,,,,,,,,,,,No tenemos asignado bonus a este nivel jer치rquico,No tenemos asignado bonus a este nivel jer치rquico,No tenemos asignado bonus a este nivel jer치rquico,No tenemos asignado bonus a este nivel jer치rquico,No tenemos asignado bonus a este nivel jer치rquico,No tenemos asignado bonus a este nivel jer치rquico,Otorgamos a TODOS los niveles Directores - Gerentes - Jefes - Supervisores - Analista - Empleados,No,En an치lisis / desarrollo,No,Si,No,Si,Si,No,No,No,No,No,Si,No,No,No,Si,Si,Si,No,No,Si,En an치lisis / desarrollo,Si,No,No,No,No,.,.,.,Grande,Gastronom칤a y Turismo
##########,Financiero,1 - 50 empleados,Pymes,26 - 30%,9,15%,Mismo % que se negocie con el gremio (paritarias),no,No tenemos previsto incorporar nuevos puestos fuera de convenio en 2025,"Si, en el segundo semestre",6 - 10 %,6750000.0,0,,,,3500000.0,,,,,,,,,,,,,,,,,,,,5100000.0,,1600000.0,,,,2436000.0,1385000.0,,,,,2983000.0,,,,,,,,,,,,,,,,,,,,,,,,,,,,,,,,,,,,,,,,,,,,,,,998000.0,,,,,,,,1950000.0,,,,,,No tenemos asignado bonus a este nivel jer치rquico,No tenemos asignado bonus a este nivel jer치rquico,No tenemos asignado bonus a este nivel jer치rquico,No tenemos asignado bonus a este nivel jer치rquico,No tenemos asignado bonus a este nivel jer치rquico,No tenemos asignado bonus a este nivel jer치rquico,Otorgamos a TODOS los niveles Directores - Gerentes - Jefes - Supervisores - Analista - Empleados,No,Si,No,Si,No,No,Si,No,No,No,No,No,No,No,No,No,Si,No,No,No,No,Si,Si,Si,No,No,No,No,ninguno,no,no,Pyme,Financiero
##########,Otro Rubro,1 - 50 empleados,Pymes,46 - 50%,12,20%,Mismo % que se negocie con el gremio (paritarias),,"Si, en el segundo semestre",No tenemos previsto reducir puestos fuera de convenio en 2025,0% - No tuvimos Rotaci칩n de empleados fuera de convenio entre Enero y Agosto 2025,,0,,,,3200000.0,,,,,,,,,,,,,,,,,,,,,2850000.0,,,,,,,,,,1500000.0,,,,,2850000.0,,,1350000.0,,,,,,,,,,,,,,,,,,,,,,,,,,,,,,,,1600000.0,2100000.0,,,,,,,,,,,,,,,,,,,,,No tenemos asignado bonus a este nivel jer치rquico,No tenemos asignado bonus a este nivel jer치rquico,No tenemos asignado bonus a este nivel jer치rquico,1 sueldo,No tenemos asignado bonus a este nivel jer치rquico,No tenemos asignado bonus a este nivel jer치rquico,Otorgamos SOLO a Directores - Gerentes - Jefes,En an치lisis / desarrollo,Si,No,No,No,No,Si,No,No,No,Si,No,No,No,No,No,Si,Si,No,No,Si,Si,Si,Si,Si,Si,Si,Si,,,,Pyme,Otro Rubro
##########,Vitivin칤cola,1 - 50 empleados,Pymes,11 - 15%,3,12%,No los tenemos definido todav칤a (lo vemos mes a mes),no,"Si, en el segundo semestre",No tenemos previsto reducir puestos fuera de convenio en 2025,1 - 5 %,5055807.0,0,,,,,,,,,,,,,,1958446.0,1037302.0,,,,,,,,,4760326.0,1956713.0,,,,,1417095.0,,,,,,,,,5340750.0,2800000.0,,,1502169.0,,2215342.0,,4439335.0,1600000.0,925236.0,,1470873.0,,2800000.0,,,,,,,,,,,,,1481686.0,,,,,,,,,,,,,,,,,,,,,,,,,,,,,,,1 sueldo,No tenemos asignado bonus a este nivel jer치rquico,1 sueldo,1 sueldo,1 sueldo,1 sueldo,Otorgamos a TODOS los niveles Directores - Gerentes - Jefes - Supervisores - Analista - Empleados,No,Si,Si,No,No,No,Si,No,No,Si,No,Si,Si,No,No,No,Si,Si,Si,No,No,Si,Si,Si,No,No,Si,Si,no,,,Pyme,Vitivin칤cola
##########,Servicios,1 - 50 empleados,Pymes,No tenemos definido el aumento total para el 2025 (lo veremos mes a mes),No esta definido todav칤a,14%,Mismo % que se negocie con el gremio (paritarias),Encuesta salarial,"Si, en el segundo semestre",No tenemos previsto reducir puestos fuera de convenio en 2025,1 - 5 %,,0,,,2300000.0,,,,,,852000.0,,,,,,,,,,,,,,,,3138000.0,1015000.0,,,3138000.0,,1121000.0,,,,,,,,,2776000.0,,,1660000.0,,,,,,,,,,,,,,,,,,,,,,,1590000.0,,,,,,,,,1690000.0,,,,,,,,,,,,,,1930000.0,,,,,,,,No tenemos asignado bonus a este nivel jer치rquico,No tenemos asignado bonus a este nivel jer치rquico,No tenemos asignado bonus a este nivel jer치rquico,No tenemos asignado bonus a este nivel jer치rquico,No tenemos asignado bonus a este nivel jer치rquico,No tenemos asignado bonus a este nivel jer치rquico,NO otorgamos el beneficio de Medicina Prepaga a ning칰n empleado,No,Si,No,No,No,No,No,Si,No,No,No,Si,Si,No,No,En an치lisis / desarrollo,Si,En an치lisis / desarrollo,En an치lisis / desarrollo,Si,Si,Si,Si,Si,No,Si,En an치lisis / desarrollo,En an치lisis / desarrollo,"Full home office, cabify corp.",Legales,,Pyme,Servicios
##########,"Energ칤a, Petroleo, Miner칤a, Servicios relacionados",1 - 50 empleados,Pymes,26 - 30%,3,20%,Tomamos otro indicador / par치metro para dar los aumentos (indicar abajo),Inflacion,"Si, a lo largo de todo el a침o",No tenemos previsto reducir puestos fuera de convenio en 2025,1 - 5 %,,0,,,,,,,,,,,,,,,,,,,,,,,,,,,,,,,1423757.0,,,,,,,,3531535.0,,2434027.0,,,,,,,,,,,,,,,,,,,,,,,,,,,,,,,1450435.0,3531321.0,2400000.0,2083207.0,,,,,,,,,1865902.0,,,,,,,,,,,,,No tenemos asignado bonus a este nivel jer치rquico,No tenemos asignado bonus a este nivel jer치rquico,No tenemos asignado bonus a este nivel jer치rquico,No tenemos asignado bonus a este nivel jer치rquico,1/2 sueldo,1/2 sueldo,Otorgamos a TODOS los niveles Directores - Gerentes - Jefes - Supervisores - Analista - Empleados,No,No,No,No,No,No,No,No,No,No,No,No,No,No,No,No,No,No,No,No,No,Si,No,No,No,No,No,Si,realizamos una vez a la semana desayuno saludable en el comedor.,"Ingenieros junior, senior",0,Pyme,Energ칤a y Miner칤a
##########,Vitivin칤cola,1 - 50 empleados,Pymes,26 - 30%,3,15%,IPC Nacional,0,No tenemos previsto incorporar nuevos puestos fuera de convenio en 2025,No tenemos previsto reducir puestos fuera de convenio en 2025,No medimos la Rotaci칩n de los empleados fuera de convenio,11139000.0,0,,,,2500000.0,,,,,,,,,,2300000.0,,,,,,,,,,,3129000.0,,,,,,,,,,,,,,,,,1900000.0,,3755000.0,,1250000.0,,,,,1819000.0,,,,,1909000.0,,,,,,,,,,,,,,,,,,,,,,,,,,,,,,,,,,,,,,,,,2 sueldos,2 sueldos,2 sueldos,"1,5 sueldos",1 sueldo,1 sueldo,Otorgamos SOLO a Directores - Gerentes - Jefes,No,Si,Si,No,No,No,Si,Si,No,Si,No,Si,Si,No,No,No,No,Si,Si,No,No,Si,Si,No,No,No,Si,Si,0,0,0,Pyme,Vitivin칤cola
##########,Financiero,1 - 50 empleados,Pymes,No tenemos definido el aumento total para el 2025 (lo veremos mes a mes),No esta definido todav칤a,15%,Mismo % que se negocie con el gremio (paritarias),0,No tenemos previsto incorporar nuevos puestos fuera de convenio en 2025,"Si, a lo largo de todo el a침o",21 - 25%,,0,,,,,,,,,,,,,1420000.0,,,,,,,,,,,,,1450000.0,,1430000.0,2300000.0,1650000.0,1400000.0,,,,,,,,,,,,,,,,,,,,,,,,,,,,,,,,,,,,,,,,,,,,,,,,,,,1600000.0,,,,,,,,,,,,,,,No tenemos asignado bonus a este nivel jer치rquico,No tenemos asignado bonus a este nivel jer치rquico,No tenemos asignado bonus a este nivel jer치rquico,No tenemos asignado bonus a este nivel jer치rquico,No tenemos asignado bonus a este nivel jer치rquico,No tenemos asignado bonus a este nivel jer치rquico,Otorgamos a TODOS los niveles Directores - Gerentes - Jefes - Supervisores - Analista - Empleados,No,Si,No,No,No,No,No,No,No,No,No,No,No,No,No,No,No,No,No,No,Si,No,No,Si,No,No,No,No,0,0,0,Pyme,Financiero
##########,Vitivin칤cola,1 - 50 empleados,Pymes,26 - 30%,12,17%,IPC Nacional,IPC NACIONAL,"Si, en el primer semestre",No tenemos previsto reducir puestos fuera de convenio en 2025,0% - No tuvimos Rotaci칩n de empleados fuera de convenio entre Enero y Agosto 2025,,0,,,,,,,,,,,,,,,,,,,,,,,,,2669430.0,,,,,1141695.0,,,,,,,,,,2441880.0,,,,,,,,,,,,,,,,,,,,,,,,,,,,,,,,,,,,,,,,,,,,,,,,,,,,,,,,,1 sueldo,No tenemos asignado bonus a este nivel jer치rquico,No tenemos asignado bonus a este nivel jer치rquico,1 sueldo,No tenemos asignado bonus a este nivel jer치rquico,No tenemos asignado bonus a este nivel jer치rquico,Otorgamos SOLO a Directores y Gerentes,No,Si,Si,No,Si,No,Si,Si,No,No,No,Si,En an치lisis / desarrollo,En an치lisis / desarrollo,No,No,En an치lisis / desarrollo,En an치lisis / desarrollo,En an치lisis / desarrollo,No,En an치lisis / desarrollo,No,Si,Si,En an치lisis / desarrollo,No,No,En an치lisis / desarrollo,0,,,Pyme,Vitivin칤cola
##########,Vitivin칤cola,1 - 50 empleados,Pymes,26 - 30%,6,19%,IPC Nacional,.,"Si, en el segundo semestre",No tenemos previsto reducir puestos fuera de convenio en 2025,No medimos la Rotaci칩n de los empleados fuera de convenio,8360706.0,0,,11860706.0,,1651360.0,,1863500.0,,,,,,,,,,,,,,,,,,9007638.0,2627263.0,,,,,1572076.0,,,,,,,,,9060706.0,3012048.0,1314536.0,,,5903885.0,2224571.0,1137861.0,,2336461.0,973185.0,,1265060.0,,,1965478.0,1720784.0,,,3030660.0,1542180.0,,,,1307310.0,,2679848.0,1269207.0,,1316502.0,,,,,,,,,,,,,1863500.0,,,,,,,,,,,,,,,450000.0,No tenemos asignado bonus a este nivel jer치rquico,No tenemos asignado bonus a este nivel jer치rquico,2 sueldos,1 sueldo,No tenemos asignado bonus a este nivel jer치rquico,No tenemos asignado bonus a este nivel jer치rquico,Otorgamos a TODOS los niveles Directores - Gerentes - Jefes - Supervisores - Analista - Empleados,No,Si,Si,No,No,No,Si,Si,Si,No,No,Si,Si,No,No,No,No,No,No,No,Si,Si,Si,No,No,No,Si,Si,KIT ESCOLAR - VACUNA ANTIGRIPAL,RESPONSABLE DE DEP칍SITO - JEFE DE SUPPLY CHAIN,,Pyme,Vitivin칤cola
##########,Servicios,1 - 50 empleados,Pymes,6 - 10 %,2,6%,IPC Nacional,CCT que regula la actividad,No tenemos previsto incorporar nuevos puestos fuera de convenio en 2025,No tenemos previsto reducir puestos fuera de convenio en 2025,6 - 10 %,,0,,,,900.0,,,,,,,,,900000.0,,,,,,,,,,,,,,,,,,,,,,900000.0,,,,,,,,,,,,,,,,,,,,,,,,,,,,,,,,,,,,,,,,,,,,,,1580000.0,,,,,,,,,,,,,,,,No tenemos asignado bonus a este nivel jer치rquico,No tenemos asignado bonus a este nivel jer치rquico,No tenemos asignado bonus a este nivel jer치rquico,No tenemos asignado bonus a este nivel jer치rquico,No tenemos asignado bonus a este nivel jer치rquico,No tenemos asignado bonus a este nivel jer치rquico,Otorgamos SOLO a Directores y Gerentes,No,No,En an치lisis / desarrollo,No,No,No,No,No,No,No,No,En an치lisis / desarrollo,En an치lisis / desarrollo,No,No,No,No,No,No,No,No,No,No,No,No,No,No,No,0,0,0,Pyme,Servicios
##########,Servicios,1 - 50 empleados,Pymes,No tenemos definido el aumento total para el 2025 (lo veremos mes a mes),2,12%,Mismo % que se negocie con el gremio (paritarias),no,"Si, a lo largo de todo el a침o",No tenemos previsto reducir puestos fuera de convenio en 2025,0% - No tuvimos Rotaci칩n de empleados fuera de convenio entre Enero y Agosto 2025,,1.650.000,,,,,,,,,,,,,,,,,,,,,,,,,,,,,,,1122812.0,,950000.0,,,,,,,,,,,,,,,,,,,,,,,,,,,,1500000.0,950000.0,750000.0,,,,,,,,,,1120000.0,1120000.0,950000.0,950000.0,,,,,,,,,,,,,,,,,,,650000.0,450000.0,No tenemos asignado bonus a este nivel jer치rquico,No tenemos asignado bonus a este nivel jer치rquico,No tenemos asignado bonus a este nivel jer치rquico,No tenemos asignado bonus a este nivel jer치rquico,No tenemos asignado bonus a este nivel jer치rquico,No tenemos asignado bonus a este nivel jer치rquico,Otorgamos a TODOS los niveles Directores - Gerentes - Jefes - Supervisores - Analista - Empleados,No,No,No,No,No,No,No,Si,No,Si,No,No,No,No,No,No,No,Si,No,No,Si,No,Si,No,En an치lisis / desarrollo,En an치lisis / desarrollo,No,Si,no tenemos,no,no,Pyme,Servicios
##########,Comercio,1 - 50 empleados,Pymes,No tenemos definido el aumento total para el 2025 (lo veremos mes a mes),No esta definido todav칤a,12%,Mismo % que se negocie con el gremio (paritarias),0,No tenemos previsto incorporar nuevos puestos fuera de convenio en 2025,No tenemos previsto reducir puestos fuera de convenio en 2025,0% - No tuvimos Rotaci칩n de empleados fuera de convenio entre Enero y Agosto 2025,,0,,,,,,,,,,,,,,,,,,,,,,,,,,,,,,,,,,,,,,2500000.0,,1560000.0,,,,,,,,,,,,,,,,,,,,,,,,,,,,,,,,,,,,,,,,,,,,,,,,,,,,,,,,,No tenemos asignado bonus a este nivel jer치rquico,No tenemos asignado bonus a este nivel jer치rquico,No tenemos asignado bonus a este nivel jer치rquico,No tenemos asignado bonus a este nivel jer치rquico,No tenemos asignado bonus a este nivel jer치rquico,No tenemos asignado bonus a este nivel jer치rquico,NO otorgamos el beneficio de Medicina Prepaga a ning칰n empleado,No,No,No,No,No,No,Si,Si,No,No,No,No,No,No,No,No,No,Si,No,No,Si,No,Si,No,No,No,No,No,0,,,Pyme,Comercio
##########,Otro Rubro,1 - 50 empleados,Pymes,21 - 25%,4,17%,IPC Nacional,d칩lar,"Si, en el segundo semestre",No tenemos previsto reducir puestos fuera de convenio en 2025,No medimos la Rotaci칩n de los empleados fuera de convenio,9566000.0,1.500.000,,,,1700000.0,,,,,,,,,,,,,,,,,,,4972000.0,,2070000.0,1642000.0,,,,,,,,,1400000.0,,,,,,,,,,,,,,,,,,,,,,,1893000.0,,,,,,,,,,,,,,1708000.0,2650000.0,,,,,,,,,,,,,,,,,,,,,,,,No tenemos asignado bonus a este nivel jer치rquico,No tenemos asignado bonus a este nivel jer치rquico,No tenemos asignado bonus a este nivel jer치rquico,No tenemos asignado bonus a este nivel jer치rquico,No tenemos asignado bonus a este nivel jer치rquico,No tenemos asignado bonus a este nivel jer치rquico,NO otorgamos el beneficio de Medicina Prepaga a ning칰n empleado,No,No,No,No,No,No,Si,No,No,Si,No,Si,Si,Si,En an치lisis / desarrollo,No,En an치lisis / desarrollo,Si,No,No,Si,En an치lisis / desarrollo,Si,En an치lisis / desarrollo,No,No,No,Si,Flexibilidad en la elecci칩n del horario de ingreso,,,Pyme,Otro Rubro
##########,Industria,1 - 50 empleados,Pymes,16 - 20 %,1,> 20%,En funci칩n de los % que digan las Encuestas Salariales,0,"Si, en el segundo semestre",No tenemos previsto reducir puestos fuera de convenio en 2025,> 30%,,0,,,2300000.0,,,,,,,,,1800000.0,,,,,,,,,,,,,3500000.0,2100000.0,,,3500000.0,,1800000.0,,,,,,,,,,,,,,,,,,,,,,,,1900000.0,,,,,,,,,,,,,,,,,,,,,,,,,,,,,,,,,,,,,,,,,700000.0,3 sueldos,2 sueldos,2 sueldos,1 sueldo,1/2 sueldo,1/2 sueldo,NO otorgamos el beneficio de Medicina Prepaga a ning칰n empleado,No,Si,No,No,No,No,Si,No,Si,No,No,No,No,No,No,No,En an치lisis / desarrollo,Si,No,No,Si,En an치lisis / desarrollo,No,Si,No,No,No,No,0,0,0,Pyme,Industria
##########,Vitivin칤cola,1 - 50 empleados,Pymes,No tenemos definido el aumento total para el 2025 (lo veremos mes a mes),No esta definido todav칤a,16%,IPC Nacional,0,No tenemos previsto incorporar nuevos puestos fuera de convenio en 2025,No tenemos previsto reducir puestos fuera de convenio en 2025,0% - No tuvimos Rotaci칩n de empleados fuera de convenio entre Enero y Agosto 2025,,0,,4000000.0,,1700000.0,,1400000.0,4000000.0,,1900000.0,5000000.0,,2300000.0,,2000000.0,1200000.0,,,,,,,,,4100000.0,,,,,,1380000.0,1260000.0,,,,,,1030000.0,,4315000.0,,,,,4315000.0,,1310000.0,,2436000.0,,,940000.0,,,,,,,,1550000.0,,,,,,1910000.0,1200000.0,,,,,,,,,,,,,,,,,,,,,,,,,,,,,,,No tenemos asignado bonus a este nivel jer치rquico,No tenemos asignado bonus a este nivel jer치rquico,2 sueldos,No tenemos asignado bonus a este nivel jer치rquico,No tenemos asignado bonus a este nivel jer치rquico,No tenemos asignado bonus a este nivel jer치rquico,Otorgamos SOLO a Directores - Gerentes - Jefes,No,Si,Si,No,No,No,Si,Si,Si,No,No,Si,Si,No,No,No,No,No,No,No,No,Si,No,Si,No,No,No,No,0,,,Pyme,Vitivin칤cola
##########,Financiero,1 - 50 empleados,Pymes,26 - 30%,4,18%,IPC Nacional,0,"Si, en el segundo semestre",No tenemos previsto reducir puestos fuera de convenio en 2025,No medimos la Rotaci칩n de los empleados fuera de convenio,7200000.0,0,,,,3000000.0,,,,,,,,,,,,,,,,,,,,4000000.0,,,,,,,1200000.0,,,,,,,,3500000.0,,,,,,,,,,,,,,,,,,,,,,,,,,,,,,,,,,,,,,,,,,,,,,,,,,,,,,,,,,2 sueldos,No tenemos asignado bonus a este nivel jer치rquico,2 sueldos,2 sueldos,2 sueldos,2 sueldos,Otorgamos a TODOS los niveles Directores - Gerentes - Jefes - Supervisores - Analista - Empleados,No,En an치lisis / desarrollo,Si,Si,No,Si,Si,No,No,No,No,No,No,No,No,No,No,Si,No,No,Si,Si,Si,No,En an치lisis / desarrollo,En an치lisis / desarrollo,Si,Si,0,,,Pyme,Financiero
##########,Vitivin칤cola,1 - 50 empleados,Pymes,No tenemos definido el aumento total para el 2025 (lo veremos mes a mes),4,15%,IPC Nacional,0,"Si, en el segundo semestre",No tenemos previsto reducir puestos fuera de convenio en 2025,No medimos la Rotaci칩n de los empleados fuera de convenio,,0,,,,,,,,,,,,,,2771084.0,1504462.0,,,,,,,,5162500.0,,3252375.0,,,,,1628924.0,,,,,,,,5857500.0,,2429660.0,,,1535225.0,4046574.0,2082565.0,,,,1443112.0,,1688748.0,,,,,,,,2321700.0,,,,,,,,,,,,,,,,,,,,,,,,,,,,,,,,,,,,,,No tenemos asignado bonus a este nivel jer치rquico,2 sueldos,2 sueldos,2 sueldos,No tenemos asignado bonus a este nivel jer치rquico,1 sueldo,Otorgamos a TODOS los niveles Directores - Gerentes - Jefes - Supervisores - Analista - Empleados,No,Si,Si,No,No,No,Si,Si,No,Si,No,Si,No,No,No,No,En an치lisis / desarrollo,En an치lisis / desarrollo,Si,No,No,Si,Si,No,En an치lisis / desarrollo,En an치lisis / desarrollo,No,Si,0,,"Ser칤a importante conocer el tratamiento de ganancias, ya que el impacto es importante en lo que recibe el empleado en mano y es clave al momento de retenci칩n de talentos",Pyme,Vitivin칤cola
##########,Comercio,1 - 50 empleados,Pymes,21 - 25%,4,17%,Mismo % que se negocie con el gremio (paritarias),IPC nacional,No tenemos previsto incorporar nuevos puestos fuera de convenio en 2025,No tenemos previsto reducir puestos fuera de convenio en 2025,0% - No tuvimos Rotaci칩n de empleados fuera de convenio entre Enero y Agosto 2025,9000000.0,0,,4500000.0,,,1772000.0,1239000.0,,,,,,619000.0,,,,,,,,,,,,4500000.0,,1619000.0,,1575000.0,,,,,,,,1500000.0,,,,,,,,,,,,,,,,,,,,,,,,,,,,,,,,,,,,300000.0,4500000.0,,,,,,,2000000.0,,,,,,,,,,,,,,,,,3 sueldos,No tenemos asignado bonus a este nivel jer치rquico,3 sueldos,No tenemos asignado bonus a este nivel jer치rquico,No tenemos asignado bonus a este nivel jer치rquico,No tenemos asignado bonus a este nivel jer치rquico,Otorgamos SOLO a Directores - Gerentes - Jefes,No,Si,No,No,En an치lisis / desarrollo,Si,Si,En an치lisis / desarrollo,Si,Si,Si,Si,Si,No,No,No,Si,Si,Si,No,No,No,Si,Si,No,No,No,Si,premio por presentismo,,,Pyme,Comercio
##########,"Transporte, Log칤stica, Almacenamiento",1 - 50 empleados,Pymes,21 - 25%,6,18%,En funci칩n de los % que digan las Encuestas Salariales,IPC y encuestas salariales,"Si, en el segundo semestre",No tenemos previsto reducir puestos fuera de convenio en 2025,26 - 30%,5000000.0,0,,,5000000.0,,,1180000.0,,,,,3000000.0,1800000.0,,,,,,,,,,,,,4000000.0,2100000.0,,,,,1200000.0,,1180000.0,,,,,,,,,,,,,,,,,,,,,2300000.0,1400000.0,,,,,,,1800000.0,2000000.0,,,,,,,,,,,,,,,,,,1800000.0,,,,,,,,,,,,,,,480000.0,No tenemos asignado bonus a este nivel jer치rquico,No tenemos asignado bonus a este nivel jer치rquico,No tenemos asignado bonus a este nivel jer치rquico,No tenemos asignado bonus a este nivel jer치rquico,No tenemos asignado bonus a este nivel jer치rquico,No tenemos asignado bonus a este nivel jer치rquico,Otorgamos a TODOS los niveles Directores - Gerentes - Jefes - Supervisores - Analista - Empleados,No,No,No,No,No,No,No,No,No,No,No,No,Si,No,No,No,No,No,No,No,No,Si,No,Si,No,No,No,No,-,Maestranza,-,Pyme,Transporte y Log칤stica
##########,Industria,1 - 50 empleados,Pymes,16 - 20 %,8,14%,IPC Nacional,0,No tenemos previsto incorporar nuevos puestos fuera de convenio en 2025,"Si, en el segundo semestre",1 - 5 %,33025000.0,0,,,2372253.0,2282621.0,,,,,,,,,,1381576.0,1318409.0,,,,,,,,,,1631818.0,1577521.0,,,,,1149695.0,,,,,,,,,,,,1069233.0,,1312403.0,,,,1329486.0,,,,,,,,,,,,,,,,,,,,,,,,,,,,,,,,,,,,,,,,,,,,,,,,No tenemos asignado bonus a este nivel jer치rquico,No tenemos asignado bonus a este nivel jer치rquico,No tenemos asignado bonus a este nivel jer치rquico,No tenemos asignado bonus a este nivel jer치rquico,No tenemos asignado bonus a este nivel jer치rquico,No tenemos asignado bonus a este nivel jer치rquico,NO otorgamos el beneficio de Medicina Prepaga a ning칰n empleado,No,Si,No,No,No,No,Si,No,Si,Si,No,Si,No,No,No,No,No,No,No,No,No,No,No,No,No,No,No,No,0,,,Pyme,Industria
##########,Industria,1 - 50 empleados,Pymes,No tenemos definido el aumento total para el 2025 (lo veremos mes a mes),4,15%,IPC Nacional,no,No tenemos previsto incorporar nuevos puestos fuera de convenio en 2025,"Si, en el segundo semestre",0% - No tuvimos Rotaci칩n de empleados fuera de convenio entre Enero y Agosto 2025,12900000.0,0,,8000000.0,3800000.0,,,,,,,,,,1950000.0,,,,,,,,,,4850000.0,,,,,,2250000.0,,,,2000000.0,4430000.0,,,,5500000.0,,3400000.0,,2300000.0,2560000.0,,,,,,,,,,,,1900000.0,,4100000.0,,,,,2600000.0,2200000.0,,3400000.0,,,2000000.0,,,3100000.0,,3600000.0,,,,,,,,,1620000.0,,,,,,,,,,,,,,,2 sueldos,1 sueldo,1 sueldo,1 sueldo,1 sueldo,1/2 sueldo,Otorgamos a TODOS los niveles Directores - Gerentes - Jefes - Supervisores - Analista - Empleados,No,En an치lisis / desarrollo,Si,No,No,No,No,No,Si,Si,Si,Si,No,No,No,No,No,No,Si,No,No,No,Si,Si,Si,Si,No,No,Asados los viernes,,,Pyme,Industria
##########,Otro Rubro,1 - 50 empleados,Pymes,16 - 20 %,No esta definido todav칤a,11%,Mismo % que se negocie con el gremio (paritarias),NO,No tenemos previsto incorporar nuevos puestos fuera de convenio en 2025,"Si, a lo largo de todo el a침o",6 - 10 %,,0,,,,1570000.0,,,,,,,,,,,,,,,,,,,,6246732.0,,,,,,1856342.0,,,1856342.0,,,,,,,4385065.0,,,,,,,,,,,,,,,,,,,,,,,,,,,,,,,,,,,,,,,4061100.0,,,,,,,,,,,,,,,,,,No tenemos asignado bonus a este nivel jer치rquico,No tenemos asignado bonus a este nivel jer치rquico,4 sueldos,No tenemos asignado bonus a este nivel jer치rquico,1 sueldo,No tenemos asignado bonus a este nivel jer치rquico,Otorgamos a TODOS los niveles Directores - Gerentes - Jefes - Supervisores - Analista - Empleados,No,No,No,No,No,No,Si,No,No,No,No,No,No,No,No,No,No,No,No,No,No,No,No,No,No,No,No,No,0,,,Pyme,Otro Rubro
##########,Industria,1 - 50 empleados,Pymes,No tenemos definido el aumento total para el 2025 (lo veremos mes a mes),1,No dimos aumentos de Enero hasta Agosto 2025,IPC Nacional,no,No tenemos previsto incorporar nuevos puestos fuera de convenio en 2025,No tenemos previsto reducir puestos fuera de convenio en 2025,1 - 5 %,,0,6000000.0,,,,,,,,,3600000.0,,1900000.0,,3250500.0,1200500.0,,,,,,,,,,,,,,3500000.0,1600000.0,,,,,,,,,3500000.0,2100000.0,,1300000.0,,,,,,2500000.0,,1500000.0,,,,,,,,,,,,,,,,,,,,,,,,,,,,,,,,,,,,,,,,,,,,,,,No tenemos asignado bonus a este nivel jer치rquico,No tenemos asignado bonus a este nivel jer치rquico,1 sueldo,1 sueldo,No tenemos asignado bonus a este nivel jer치rquico,No tenemos asignado bonus a este nivel jer치rquico,Otorgamos SOLO a Directores - Gerentes - Jefes,No,No,No,No,No,No,Si,No,No,No,No,No,Si,No,No,No,No,No,No,No,En an치lisis / desarrollo,No,No,No,No,No,No,No,ninguno,0,no,Pyme,Industria
##########,Servicios,1 - 50 empleados,Pymes,No tenemos definido el aumento total para el 2025 (lo veremos mes a mes),4,20%,"Dolar, IPC, aumento convenio, aumento productos.",no,No tenemos previsto incorporar nuevos puestos fuera de convenio en 2025,No tenemos previsto reducir puestos fuera de convenio en 2025,0% - No tuvimos Rotaci칩n de empleados fuera de convenio entre Enero y Agosto 2025,,0,,,,,,,,,,,,,,,,,,,,,,,,,,,,,,,,,,,,,,3000000.0,,1600000.0,,,,,,,,,,,,,,,,,,,,,,,1500000.0,,,,,,,,,,,,,,,,,,,,,,,,,,,,,,,,,,No tenemos asignado bonus a este nivel jer치rquico,No tenemos asignado bonus a este nivel jer치rquico,2 sueldos,"1,5 sueldos",No tenemos asignado bonus a este nivel jer치rquico,No tenemos asignado bonus a este nivel jer치rquico,NO otorgamos el beneficio de Medicina Prepaga a ning칰n empleado,En an치lisis / desarrollo,Si,No,No,No,No,Si,No,Si,No,No,Si,Si,No,No,No,No,No,No,No,En an치lisis / desarrollo,No,En an치lisis / desarrollo,En an치lisis / desarrollo,En an치lisis / desarrollo,En an치lisis / desarrollo,Si,Si,festejo del Cumplea침os,,,Pyme,Servicios
##########,Servicios,1 - 50 empleados,Pymes,No tenemos definido el aumento total para el 2025 (lo veremos mes a mes),12,17%,IPC Provincial,ninguno.,No tenemos previsto incorporar nuevos puestos fuera de convenio en 2025,No tenemos previsto reducir puestos fuera de convenio en 2025,11 - 15%,,0,,,,,,,,,,,,,,,,,,,,,,,,,2146466.0,,,,,,1348532.0,,1348532.0,,,,,,,,,,,,,,,,,,,,,,,,,,,,,,,,,,,,,,,,,,,,,,,2146466.0,,,,,,,,,,,,,,,,,No tenemos asignado bonus a este nivel jer치rquico,No tenemos asignado bonus a este nivel jer치rquico,No tenemos asignado bonus a este nivel jer치rquico,"1,5 sueldos",1 sueldo,1/2 sueldo,Otorgamos SOLO a Directores - Gerentes - Jefes,No,Si,No,No,No,No,No,Si,No,Si,No,No,No,No,No,No,No,Si,No,No,No,No,No,Si,No,No,No,Si,Ninguno adicional.,,,Pyme,Servicios
##########,Servicios,1 - 50 empleados,Pymes,26 - 30%,3,18%,En funci칩n de los % que digan las Encuestas Salariales,no tenemos otro indicador,No tenemos previsto incorporar nuevos puestos fuera de convenio en 2025,No tenemos previsto reducir puestos fuera de convenio en 2025,21 - 25%,6000000.0,0,,,,,,,,,,,,,,,,,,,,,,,,,,1500000.0,,,,,,,,,,,1000000.0,,,,,,,,,,,1600000.0,,,,,,,,,,,,,,,,,,,,,1700000.0,,,,,,,,,,,,,,,,,,,,,,,,,,,,No tenemos asignado bonus a este nivel jer치rquico,No tenemos asignado bonus a este nivel jer치rquico,No tenemos asignado bonus a este nivel jer치rquico,No tenemos asignado bonus a este nivel jer치rquico,No tenemos asignado bonus a este nivel jer치rquico,No tenemos asignado bonus a este nivel jer치rquico,Otorgamos a TODOS los niveles Directores - Gerentes - Jefes - Supervisores - Analista - Empleados,No,No,Si,No,No,No,No,No,No,No,No,No,Si,No,No,No,No,No,No,No,Si,Si,Si,No,En an치lisis / desarrollo,En an치lisis / desarrollo,No,No,"Flexibilidad horaria, trabajo por objetivos",,,Pyme,Servicios
##########,Otro Rubro,1 - 50 empleados,Pymes,46 - 50%,4,20%,Tomamos otro indicador / par치metro para dar los aumentos (indicar abajo),"IPC, encuesta y performance","Si, en el segundo semestre",No tenemos previsto reducir puestos fuera de convenio en 2025,26 - 30%,,0,,,,3170000.0,,,,,,,,,,,,,,,,,,,,,3010000.0,1680000.0,,,,,,,,,,,,,,,,,,,,,,,,,,,,,,,,,,,,,,,,,,,,,,,3890000.0,3340000.0,,,,,,,,,,,,,,,2710500.0,,,,,,,750000.0,No tenemos asignado bonus a este nivel jer치rquico,No tenemos asignado bonus a este nivel jer치rquico,No tenemos asignado bonus a este nivel jer치rquico,No tenemos asignado bonus a este nivel jer치rquico,No tenemos asignado bonus a este nivel jer치rquico,No tenemos asignado bonus a este nivel jer치rquico,Otorgamos a TODOS los niveles Directores - Gerentes - Jefes - Supervisores - Analista - Empleados,No,En an치lisis / desarrollo,Si,Si,No,No,No,Si,Si,No,No,No,Si,No,No,No,En an치lisis / desarrollo,No,No,No,Si,Si,Si,Si,Si,Si,En an치lisis / desarrollo,En an치lisis / desarrollo,Vacaciones ilimiadas,no,no,Pyme,Otro Rubro
##########,High Tech,1 - 50 empleados,Pymes,21 - 25%,No esta definido todav칤a,> 20%,"Dolar, IPC, aumento convenio, aumento productos.",.,"Si, en el segundo semestre",No tenemos previsto reducir puestos fuera de convenio en 2025,0% - No tuvimos Rotaci칩n de empleados fuera de convenio entre Enero y Agosto 2025,,0,,,,1981286.0,,,,1950000.0,,,,,,,,,,,,,,,,,2179102.0,,,,,,1301856.0,,,,,,,,,2179102.0,,,,,,,,,,,,,,,,,,,,,,,,,,,,1300000.0,,,,,,,,,,,,2179102.0,,,,,,,,,,1984778.0,,,,1884778.0,,,No tenemos asignado bonus a este nivel jer치rquico,No tenemos asignado bonus a este nivel jer치rquico,No tenemos asignado bonus a este nivel jer치rquico,No tenemos asignado bonus a este nivel jer치rquico,No tenemos asignado bonus a este nivel jer치rquico,No tenemos asignado bonus a este nivel jer치rquico,Otorgamos a TODOS los niveles Directores - Gerentes - Jefes - Supervisores - Analista - Empleados,No,No,Si,Si,No,Si,No,Si,No,No,No,No,Si,No,No,Si,No,Si,Si,No,No,Si,Si,Si,No,Si,Si,Si,"Para fin de a침o, el equipo de toda Argentina viaja al encuentro",Desarrolladores - Programadores,,Pyme,High Tech
##########,Opci칩n 1,51 - 200 empleados,Pymes,11 - 15%,1,11%,Mismo % que se negocie con el gremio (paritarias),.,No tenemos previsto incorporar nuevos puestos fuera de convenio en 2025,"Si, a lo largo de todo el a침o",1 - 5 %,,0,5600000.0,,,1600000.0,,,,,,,1800000.0,,,,,,,,,,,,,,,1000000.0,,,,1000000.0,800000.0,,,,,,,,5000000.0,3000000.0,3000000.0,1000000.0,,,,,,,,,,,,,800000.0,,,,1200000.0,,,,,,1800000.0,,,,,,,,,,,,,,3000000.0,,1400000.0,,,,,,,1800000.0,,,,,,,,,No tenemos asignado bonus a este nivel jer치rquico,2 sueldos,1 sueldo,No tenemos asignado bonus a este nivel jer치rquico,No tenemos asignado bonus a este nivel jer치rquico,No tenemos asignado bonus a este nivel jer치rquico,Otorgamos SOLO a Directores y Gerentes,No,Si,No,No,Si,Si,Si,No,Si,Si,Si,Si,Si,No,No,Si,No,Si,Si,No,No,No,No,No,No,No,No,No,.,,,Pyme,Opci칩n 1
##########,Comercio,51 - 200 empleados,Pymes,16 - 20 %,No esta definido todav칤a,12%,Mismo % que se negocie con el gremio (paritarias),Aumento de paritarias,No tenemos previsto incorporar nuevos puestos fuera de convenio en 2025,No tenemos previsto reducir puestos fuera de convenio en 2025,No medimos la Rotaci칩n de los empleados fuera de convenio,,2.015.770,,,,2742907.0,,1738391.0,,,2271071.0,2225265.0,,1590945.0,,,,,,,,,,,,3696871.0,1999127.0,1705340.0,,,,,1174510.0,,,,,,,,,,,,,,,,,,,,,,,3552281.0,,1886827.0,,,1630570.0,,,,,,,,,1458447.0,,,,,,,,,,,,1907261.0,,,,,,,1690069.0,,,,,1707255.0,,,,,No tenemos asignado bonus a este nivel jer치rquico,No tenemos asignado bonus a este nivel jer치rquico,No tenemos asignado bonus a este nivel jer치rquico,No tenemos asignado bonus a este nivel jer치rquico,No tenemos asignado bonus a este nivel jer치rquico,No tenemos asignado bonus a este nivel jer치rquico,NO otorgamos el beneficio de Medicina Prepaga a ning칰n empleado,No,No,No,No,No,Si,Si,No,Si,No,No,No,Si,No,No,No,No,No,No,No,No,No,No,No,No,No,No,No,"Becas anuales, para hijos de empleados",,,Pyme,Comercio
##########,Otro Rubro,51 - 200 empleados,Pymes,26 - 30%,4,20%,Mismo % que se negocie con el gremio (paritarias),Otros gremios que esten asociados a nuestra actividad,No tenemos previsto incorporar nuevos puestos fuera de convenio en 2025,No tenemos previsto reducir puestos fuera de convenio en 2025,0% - No tuvimos Rotaci칩n de empleados fuera de convenio entre Enero y Agosto 2025,,0,,,2684000.0,,1700000.0,,,,,,,,,,,,,,,,,,,,2616000.0,,,,,,1154000.0,,,,,,1263731.0,,2970668.0,,1700850.0,2343479.0,,,2003535.0,,,,,,,,,,,,,,,,,,,,,,,,,,,,,,,,,,,2031332.0,2031332.0,,,,,,,,,,,,,,,,4 sueldos,4 sueldos,4 sueldos,"2,5 sueldos","1,5 sueldos",No tenemos asignado bonus a este nivel jer치rquico,NO otorgamos el beneficio de Medicina Prepaga a ning칰n empleado,No,Si,Si,No,Si,Si,No,Si,Si,Si,Si,Si,Si,No,No,No,Si,Si,Si,No,Si,No,No,Si,No,Si,Si,Si,Lavado de vehiculos particulares los dias viernes,,,Pyme,Otro Rubro
##########,Otro Rubro,51 - 200 empleados,Pymes,26 - 30%,3,20%,IPC Nacional,no,No tenemos previsto incorporar nuevos puestos fuera de convenio en 2025,"Si, a lo largo de todo el a침o",1 - 5 %,12902171.0,0,,5861049.0,3823370.0,,,,,,,,,,,,,,,,,,,,,9800698.0,2355996.0,,,,,,,3105038.0,,,1933322.0,1869165.0,,,,,,,,,,,,,,,,,,4428000.0,2210603.0,2585307.0,,,,,,,,,,,,,,,2388816.0,,,,,,,,,,2002305.0,,,1695576.0,1695576.0,,,,,,,,,,,,1 sueldo,No tenemos asignado bonus a este nivel jer치rquico,2 sueldos,1 sueldo,1 sueldo,1 sueldo,NO otorgamos el beneficio de Medicina Prepaga a ning칰n empleado,No,No,No,No,No,No,Si,Si,No,No,No,No,No,No,No,No,Si,No,No,Si,No,Si,Si,Si,No,No,No,No,"Regalo en BONDA para el dia de cumplea침os, kit de bienvenida, caja navide침a",,,Pyme,Otro Rubro
##########,Otro Rubro,51 - 200 empleados,Pymes,No tenemos definido el aumento total para el 2025 (lo veremos mes a mes),3,17%,IPC Nacional,0,No tenemos previsto incorporar nuevos puestos fuera de convenio en 2025,"Si, a lo largo de todo el a침o",16 - 20 %,,0,10769000.0,,,,,1690000.0,,2750000.0,,,,1750000.0,,3145000.0,1550000.0,,1700000.0,,,,,,9365000.0,,2828000.0,1690000.0,,,2935000.0,1870000.0,,,,,,,,8615000.0,,3380000.0,,,,,3444000.0,,,2300000.0,,,1810000.0,,,2935000.0,,,,,1900000.0,,,,,,,,,,,,,,,,,,,,,2750000.0,,,,,,,,,,,,,,,,,No tenemos asignado bonus a este nivel jer치rquico,3 sueldos,No tenemos asignado bonus a este nivel jer치rquico,"1,5 sueldos","1,5 sueldos",1 sueldo,Otorgamos a TODOS los niveles Directores - Gerentes - Jefes - Supervisores - Analista - Empleados,No,No,Si,No,Si,No,Si,Si,No,Si,No,Si,Si,No,No,Si,Si,No,No,No,Si,Si,No,No,Si,Si,No,Si,0,Jefe de Customer Service,0,Pyme,Otro Rubro
##########,"Transporte, Log칤stica, Almacenamiento",51 - 200 empleados,Pymes,No tenemos definido el aumento total para el 2025 (lo veremos mes a mes),3,> 20%,"Dolar, IPC, aumento convenio, aumento productos.",0,"Si, a lo largo de todo el a침o",No tenemos previsto reducir puestos fuera de convenio en 2025,16 - 20 %,12000000.0,0,9500000.0,4470000.0,,1800000.0,,1870000.0,2620000.0,,2200000.0,,,,,,,,,,,,,,,6500000.0,3270000.0,2430000.0,,2000000.0,,,1270000.0,,1870000.0,2750000.0,2131800.0,,1280000.0,,4800000.0,,,,,,,,,,,,,,,,1800000.0,,,,,,2400000.0,,,,2660000.0,,,1440000.0,,,,,,,,,,,5146000.0,,2340000.0,,,,1900000.0,,4460000.0,,,2865000.0,,,,,,400000.0,No tenemos asignado bonus a este nivel jer치rquico,No tenemos asignado bonus a este nivel jer치rquico,No tenemos asignado bonus a este nivel jer치rquico,No tenemos asignado bonus a este nivel jer치rquico,No tenemos asignado bonus a este nivel jer치rquico,No tenemos asignado bonus a este nivel jer치rquico,Otorgamos a TODOS los niveles Directores - Gerentes - Jefes - Supervisores - Analista - Empleados,No,Si,No,No,No,No,No,No,No,No,No,No,No,No,No,No,En an치lisis / desarrollo,En an치lisis / desarrollo,Si,No,Si,Si,Si,Si,En an치lisis / desarrollo,En an치lisis / desarrollo,Si,Si,0,ANALISTA DOCUMENTAL-GERENTE DE SUCURSAL-ANALISTA DE TESORERIA,,Pyme,Transporte y Log칤stica
##########,Industria,51 - 200 empleados,Pymes,31 - 35%,2,15%,IPC Nacional,0,"Si, en el primer semestre",No tenemos previsto reducir puestos fuera de convenio en 2025,1 - 5 %,,0,9381000.0,,,4634000.0,,,3785000.0,,,,3592000.0,,,,,,,,,,,,9867000.0,,3653000.0,,,2583000.0,,,,,1982000.0,,,,,9554000.0,9554000.0,3124000.0,,2152000.0,,,,,,,,,,3635000.0,,2815000.0,,,,3560000.0,,4147000.0,3123000.0,,,4271000.0,2567000.0,2151000.0,,,,,,,,,,,,,,2987000.0,,,,,,,,,,,,,,,,,No tenemos asignado bonus a este nivel jer치rquico,5 sueldos,3 sueldos,2 sueldos,2 sueldos,2 sueldos,Otorgamos a TODOS los niveles Directores - Gerentes - Jefes - Supervisores - Analista - Empleados,No,Si,Si,No,No,No,No,No,Si,No,No,Si,Si,No,No,No,No,Si,Si,No,Si,Si,Si,Si,Si,Si,Si,Si,0,,,Pyme,Industria
##########,Servicios,51 - 200 empleados,Pymes,No tenemos definido el aumento total para el 2025 (lo veremos mes a mes),No esta definido todav칤a,9%,IPC Nacional,IPC,No tenemos previsto incorporar nuevos puestos fuera de convenio en 2025,"Si, en el segundo semestre",1 - 5 %,,0,,3850000.0,,1488549.0,,1573416.0,,,,,,,,,,,,,,,,,4265807.0,,2769806.0,1464434.0,,,2305841.0,1916406.0,1464434.0,,1464434.0,,,,1119256.0,,4000000.0,,,,,,,,,,,,,,,,,,,,1464434.0,,,,,,,,,,,,,,,2658309.0,1712788.0,,,,,,2769806.0,,,,,,2769806.0,,,1073323.0,2694944.0,,1721770.0,,,,No tenemos asignado bonus a este nivel jer치rquico,No tenemos asignado bonus a este nivel jer치rquico,No tenemos asignado bonus a este nivel jer치rquico,No tenemos asignado bonus a este nivel jer치rquico,No tenemos asignado bonus a este nivel jer치rquico,No tenemos asignado bonus a este nivel jer치rquico,Otorgamos a TODOS los niveles Directores - Gerentes - Jefes - Supervisores - Analista - Empleados,No,Si,No,No,No,No,No,No,No,Si,Si,No,No,No,No,No,No,No,No,No,No,En an치lisis / desarrollo,No,No,No,No,No,No,NO TENEMOS,,,Pyme,Servicios
##########,"Transporte, Log칤stica, Almacenamiento",51 - 200 empleados,Pymes,11 - 15%,5,13%,Tomamos otro indicador / par치metro para dar los aumentos (indicar abajo),"FADEAC e IPC, ADEMAS DE CONVENIOS","Si, en el segundo semestre","Si, a lo largo de todo el a침o",6 - 10 %,,0,5800000.0,,,,,1566265.0,,,,,,,,,,,,,,,,,5800000.0,3132530.0,,2168000.0,,,2300000.0,,1400000.0,,,,,,,,,,,,,,,,3000000.0,1690000.0,,,,,,2500000.0,2168670.0,,3200000.0,,2100000.0,,2900000.0,,1500000.0,2600000.0,,,,,,,1600000.0,,,,,,,,3255000.0,,,1500000.0,1800000.0,,,,,,,,,,,,1000000.0,,5 sueldos,5 sueldos,3 sueldos,2 sueldos,1/2 sueldo,1/2 sueldo,Otorgamos a TODOS los niveles Directores - Gerentes - Jefes - Supervisores - Analista - Empleados,No,Si,No,No,No,No,No,No,Si,No,Si,No,No,No,En an치lisis / desarrollo,No,Si,No,No,No,Si,No,Si,Si,No,No,Si,Si,.,,,Pyme,Transporte y Log칤stica
##########,Construcci칩n,51 - 200 empleados,Pymes,26 - 30%,9,> 20%,Mismo % que se negocie con el gremio (paritarias),-,No tenemos previsto incorporar nuevos puestos fuera de convenio en 2025,No tenemos previsto reducir puestos fuera de convenio en 2025,1 - 5 %,8630000.0,0,,,2300000.0,1518000.0,,1168600.0,,2440000.0,,,,,,,,,,,,,,,4135240.0,,3000000.0,,,,,1682600.0,1531000.0,,,,,,,4135240.0,,2620000.0,,,,,,,,,,,,,,2110000.0,1640000.0,,,2367000.0,1652000.0,,3253000.0,1972000.0,1631000.0,,3350000.0,,1832000.0,,,,2255000.0,,,,,,,,,2543000.0,,1450000.0,,,,,,,,,,,,,,,2 sueldos,2 sueldos,2 sueldos,2 sueldos,1 sueldo,1 sueldo,Otorgamos SOLO a Directores - Gerentes - Jefes,No,No,No,No,No,No,Si,No,Si,Si,No,No,No,No,No,No,Si,Si,No,No,Si,No,No,No,No,No,No,Si,-,,,Pyme,Construcci칩n
##########,"Energ칤a, Petroleo, Miner칤a, Servicios relacionados",51 - 200 empleados,Pymes,No tenemos definido el aumento total para el 2025 (lo veremos mes a mes),2,18%,IPC Nacional,0,No tenemos previsto incorporar nuevos puestos fuera de convenio en 2025,No tenemos previsto reducir puestos fuera de convenio en 2025,No medimos la Rotaci칩n de los empleados fuera de convenio,,0,,,,,,,,,,,,,,,,,,,,,,,,8200000.0,,2137170.0,,,,1697000.0,1414300.0,,,,1872000.0,,1300700.0,,6957500.0,,,,,,,,,,,,,,,,1430750.0,,3387000.0,,1414300.0,6782500.0,,,,,,,,,,4976000.0,,1701811.0,,,,,,,5644500.0,,,,,,1724000.0,,,,,,,,,,,,No tenemos asignado bonus a este nivel jer치rquico,No tenemos asignado bonus a este nivel jer치rquico,No tenemos asignado bonus a este nivel jer치rquico,No tenemos asignado bonus a este nivel jer치rquico,No tenemos asignado bonus a este nivel jer치rquico,No tenemos asignado bonus a este nivel jer치rquico,Otorgamos a TODOS los niveles Directores - Gerentes - Jefes - Supervisores - Analista - Empleados,No,No,Si,Si,No,No,No,No,Si,Si,No,Si,Si,No,No,No,No,No,No,No,Si,Si,Si,Si,No,No,No,Si,0,,,Pyme,Energ칤a y Miner칤a
##########,Vitivin칤cola,51 - 200 empleados,Pymes,No tenemos definido el aumento total para el 2025 (lo veremos mes a mes),No esta definido todav칤a,20%,"Dolar, IPC, aumento convenio, aumento productos.",Ventas,No tenemos previsto incorporar nuevos puestos fuera de convenio en 2025,No tenemos previsto reducir puestos fuera de convenio en 2025,1 - 5 %,11000000.0,0,,5200000.0,,3100000.0,,1350000.0,,,1500000.0,4400000.0,3450000.0,,,2400000.0,1200000.0,2000000.0,,,,,,,,4400000.0,3000000.0,1850000.0,,,,1400000.0,,,,,,,,,,,,,,4400000.0,2600000.0,1850000.0,3000000.0,1800000.0,1200000.0,1350000.0,,3850000.0,,,1300000.0,1600000.0,,,,,,,,,,,,,,,,,,,,,,,,1850000.0,,,,,,,,,,,,,,,,,No tenemos asignado bonus a este nivel jer치rquico,No tenemos asignado bonus a este nivel jer치rquico,No tenemos asignado bonus a este nivel jer치rquico,No tenemos asignado bonus a este nivel jer치rquico,No tenemos asignado bonus a este nivel jer치rquico,No tenemos asignado bonus a este nivel jer치rquico,Otorgamos a TODOS los niveles Directores - Gerentes - Jefes - Supervisores - Analista - Empleados,No,No,Si,Si,No,No,Si,Si,No,Si,No,Si,Si,No,No,No,No,No,No,No,No,No,No,Si,No,No,No,No,No,,"Tesorer칤a (gerencia, jefatura, analistas)",Pyme,Vitivin칤cola
##########,Industria,51 - 200 empleados,Pymes,16 - 20 %,2,15%,IPC Nacional,"IPC Nacional, pero hoy est치n suspendidos los incrementos por inflaci칩n hasta nuevo aviso. Solo queda vigente el incremento sujeto a desempe침o",No tenemos previsto incorporar nuevos puestos fuera de convenio en 2025,"Si, a lo largo de todo el a침o",6 - 10 %,,0,,,,,,,,,,,,2400000.0,,,,,,,,,,,,,,,,,,,,,,4700000.0,1800000.0,,,14000000.0,7200000.0,4000000.0,2800000.0,2100000.0,2700000.0,,,,,,,4700000.0,1800000.0,7000000.0,3300000.0,3200000.0,,,,,2400000.0,7000000.0,,4000000.0,,8000000.0,4300000.0,1800000.0,,,,7000000.0,2400000.0,,4400000.0,,,,,,8100000.0,,2200000.0,1900000.0,,,,,6700000.0,,,1950000.0,,,,,,,No tenemos asignado bonus a este nivel jer치rquico,3 sueldos,2 sueldos,1 sueldo,1 sueldo,1/2 sueldo,Otorgamos a TODOS los niveles Directores - Gerentes - Jefes - Supervisores - Analista - Empleados,No,No,Si,No,No,No,No,No,No,Si,No,Si,Si,No,No,No,Si,Si,Si,No,Si,Si,Si,Si,No,No,No,Si,.,.,.,Pyme,Industria
##########,Industria,51 - 200 empleados,Pymes,16 - 20 %,2,4%,No los tenemos definido todav칤a (lo vemos mes a mes),PRODUCTIVIDAD,No tenemos previsto incorporar nuevos puestos fuera de convenio en 2025,No tenemos previsto reducir puestos fuera de convenio en 2025,1 - 5 %,,0,,,,1600000.0,,1370803.0,,,,,,,1394461.0,,,,,,,,,,,1660946.0,,1370802.0,,,,1370802.0,,,1370802.0,,,1785833.0,,,3373493.0,1790077.0,,,,,,,,,,,,,,,,1660745.0,,1863354.0,,,,,,,,,,1487420.0,,,,,,,,,,,2504319.0,,1683204.0,1570354.0,,,,,,,,,,,,,,322200.0,No tenemos asignado bonus a este nivel jer치rquico,No tenemos asignado bonus a este nivel jer치rquico,1 sueldo,No tenemos asignado bonus a este nivel jer치rquico,No tenemos asignado bonus a este nivel jer치rquico,No tenemos asignado bonus a este nivel jer치rquico,Otorgamos a TODOS los niveles Directores - Gerentes - Jefes - Supervisores - Analista - Empleados,No,Si,No,No,No,Si,Si,No,No,No,Si,No,No,No,No,No,No,No,No,No,No,No,Si,No,No,No,No,No,capacitaciones,,,Pyme,Industria
##########,Vitivin칤cola,51 - 200 empleados,Pymes,21 - 25%,2,15%,IPC Nacional,En funci칩n de los % que digan las Encuestas Salariales,"Si, en el segundo semestre",No tenemos previsto reducir puestos fuera de convenio en 2025,6 - 10 %,,0,4909700.0,,,1807229.0,,,,,1385542.0,3601000.0,,1900000.0,,,1055635.0,,2712500.0,1712500.0,,1432603.0,1112837.0,1621400.0,,4544100.0,2355500.0,1918800.0,,,,1918800.0,2287700.0,,1524100.0,,1898100.0,,,,,,,583305.0,1900000.0,,3220000.0,,,,1363300.0,,565357.0,,,,,,,,,,1482200.0,,1566265.0,,1900000.0,,547409.0,,,,,,,,,,,4544100.0,,2287700.0,,,,,,,,,,,,,,,,,No tenemos asignado bonus a este nivel jer치rquico,No tenemos asignado bonus a este nivel jer치rquico,No tenemos asignado bonus a este nivel jer치rquico,No tenemos asignado bonus a este nivel jer치rquico,1 sueldo,No tenemos asignado bonus a este nivel jer치rquico,Otorgamos SOLO a Directores - Gerentes - Jefes,No,Si,Si,No,No,No,Si,Si,Si,Si,No,Si,Si,No,No,No,Si,Si,Si,No,Si,Si,No,No,No,No,No,No,ninguno extra,,,Pyme,Vitivin칤cola
##########,Construcci칩n,51 - 200 empleados,Pymes,21 - 25%,3,14%,IPC Provincial,realidad econ칩mica de la empresa,No tenemos previsto incorporar nuevos puestos fuera de convenio en 2025,"Si, en el segundo semestre",> 30%,7000000.0,0,,,,,,1378916.0,,,,,,,,,,,,,,,,,,2948700.0,,1236145.0,,,,,,,,,,,,,,,,,,,,,,,,,,,,,,,,2834375.0,1126500.0,,,,,,,,,,,,,,2850000.0,2432954.0,1350000.0,2750000.0,,,2335598.0,,,963855.0,,,,,,,,,,,,,1300000.0,325000.0,2 sueldos,2 sueldos,2 sueldos,No tenemos asignado bonus a este nivel jer치rquico,No tenemos asignado bonus a este nivel jer치rquico,No tenemos asignado bonus a este nivel jer치rquico,Otorgamos a TODOS los niveles Directores - Gerentes - Jefes - Supervisores - Analista - Empleados,No,No,No,No,No,No,No,No,Si,No,No,No,No,No,No,No,Si,No,No,No,No,Si,En an치lisis / desarrollo,En an치lisis / desarrollo,Si,Si,Si,Si,Flexibilidad,,,Pyme,Construcci칩n
##########,Otro Rubro,51 - 200 empleados,Pymes,16 - 20 %,No esta definido todav칤a,15%,Mismo % que se negocie con el gremio (paritarias),0,"Si, a lo largo de todo el a침o",No tenemos previsto reducir puestos fuera de convenio en 2025,26 - 30%,5077947.0,0,,,,3931235.0,,,,,2193060.0,,2524957.0,1730237.0,,,,,,,,,,,,4719905.0,3154967.0,1991408.0,,,3205206.0,1517578.0,,,1940126.0,2899847.0,,,,,,315351.0,,,,,,,,,,,,7360843.0,,2579225.0,,2899245.0,,3731325.0,2375081.0,,,2111696.0,,,2816633.0,1493618.0,,,,,2066516.0,,6889372.0,,,,2316878.0,,,,2614457.0,,,,,,,,,1791620.0,,,,,,352000.0,2 sueldos,No tenemos asignado bonus a este nivel jer치rquico,2 sueldos,No tenemos asignado bonus a este nivel jer치rquico,No tenemos asignado bonus a este nivel jer치rquico,No tenemos asignado bonus a este nivel jer치rquico,Otorgamos SOLO a Directores - Gerentes - Jefes,No,No,Si,En an치lisis / desarrollo,Si,Si,No,Si,Si,Si,Si,Si,Si,No,No,No,No,Si,No,No,No,Si,Si,Si,No,No,No,Si,0,0,0,Pyme,Otro Rubro
##########,"Energ칤a, Petroleo, Miner칤a, Servicios relacionados",51 - 200 empleados,Pymes,No tenemos definido el aumento total para el 2025 (lo veremos mes a mes),4,> 20%,Tomamos otro indicador / par치metro para dar los aumentos (indicar abajo),Para hacer el calculo comparo el trimestre anterior seg칰n los valores que publica el INDEC vs lo que se estima para el proximo Trimestre seg칰n el Banco Central,No tenemos previsto incorporar nuevos puestos fuera de convenio en 2025,"Si, en el segundo semestre",1 - 5 %,,0,,,,,,,,,,,,,,,,,,,,,,,,,4752183.0,1630259.0,,2230343.0,,,,,,,,,1686086.0,,,2807946.0,,,,,,,,,,,,,,4785358.0,1577512.0,,,3020918.0,1737405.0,,,3733017.0,2152076.0,,,,,,,,2814343.0,1719333.0,,,1230764.0,,,,,2621272.0,,1144650.0,,1653790.0,,,,,,,,,,,,,No tenemos asignado bonus a este nivel jer치rquico,No tenemos asignado bonus a este nivel jer치rquico,No tenemos asignado bonus a este nivel jer치rquico,"1,5 sueldos",No tenemos asignado bonus a este nivel jer치rquico,No tenemos asignado bonus a este nivel jer치rquico,Otorgamos a TODOS los niveles Directores - Gerentes - Jefes - Supervisores - Analista - Empleados,No,Si,Si,No,No,No,No,No,Si,Si,Si,No,Si,No,No,No,No,No,Si,No,No,Si,No,No,No,No,No,No,ninguno,Auxiliar de Almacen / Bodega,,Pyme,Energ칤a y Miner칤a
##########,Comercio,51 - 200 empleados,Pymes,No tenemos definido el aumento total para el 2025 (lo veremos mes a mes),4,> 20%,IPC Nacional,no,"Si, en el segundo semestre",No tenemos previsto reducir puestos fuera de convenio en 2025,1 - 5 %,7310000.0,2.505.530,,4828478.0,3525470.0,,1564003.0,,,,,,,,,,,,,,,,,,,4182227.0,3032777.0,2328472.0,,,,1174651.0,1112542.0,1928707.0,1369589.0,,,1323133.0,1181581.0,,4391655.0,,,,,,,,,2500000.0,,,,,,2866795.0,,1597503.0,,3882816.0,1576662.0,,,,1518030.0,,,,,,,,,,,,,,,,3382082.0,,,1628978.0,,,,,,,,1637333.0,,,,,,,4 sueldos,No tenemos asignado bonus a este nivel jer치rquico,3 sueldos,2 sueldos,"1,5 sueldos",No tenemos asignado bonus a este nivel jer치rquico,Otorgamos SOLO a Directores - Gerentes - Jefes,Si,Si,No,Si,No,Si,Si,Si,No,Si,Si,Si,Si,No,No,No,Si,Si,No,No,Si,No,No,Si,Si,Si,No,No,0,0,0,Pyme,Comercio
##########,Vitivin칤cola,51 - 200 empleados,Pymes,21 - 25%,3,13%,IPC Nacional,.,No tenemos previsto incorporar nuevos puestos fuera de convenio en 2025,No tenemos previsto reducir puestos fuera de convenio en 2025,1 - 5 %,12300000.0,0,,9780000.0,3450045.0,2004155.0,1600000.0,1313694.0,,2984672.0,,10185000.0,5434898.0,1700000.0,,2631972.0,,,,,,,,,,7300000.0,2600000.0,1775000.0,,1550000.0,3058000.0,1197108.0,1238000.0,,1228000.0,3354074.0,2416840.0,,,,5300000.0,4643124.0,,1500000.0,,9850000.0,4836000.0,1808000.0,6259000.0,2025000.0,1408000.0,1813000.0,1290000.0,,3135547.0,4386029.0,1071729.0,2000421.0,,2785028.0,1881763.0,,4104030.0,,1522645.0,3166833.0,1910410.0,,,1553965.0,4225824.0,,,1037389.0,,,,,,,6394647.0,3750000.0,,,,,1811164.0,,,2948984.0,,,,,,,,350000.0,6 sueldos,No tenemos asignado bonus a este nivel jer치rquico,3 sueldos,2 sueldos,1 sueldo,No tenemos asignado bonus a este nivel jer치rquico,Otorgamos a TODOS los niveles Directores - Gerentes - Jefes - Supervisores - Analista - Empleados,No,En an치lisis / desarrollo,Si,No,No,Si,Si,Si,Si,Si,Si,Si,Si,No,No,No,Si,Si,Si,No,Si,Si,Si,Si,Si,Si,En an치lisis / desarrollo,En an치lisis / desarrollo,.,,,Pyme,Vitivin칤cola
##########,"Gastronom칤a, Hoteler칤a y Turismo",51 - 200 empleados,Pymes,21 - 25%,12,> 20%,IPC Nacional,0,No tenemos previsto incorporar nuevos puestos fuera de convenio en 2025,No tenemos previsto reducir puestos fuera de convenio en 2025,11 - 15%,,1.553.000,,,2543000.0,1542000.0,,1601000.0,,3600000.0,,,2797000.0,1601000.0,1650000.0,1950000.0,1350000.0,2650000.0,2079000.0,1850000.0,5600000.0,1950000.0,1450000.0,1350000.0,,4500000.0,2848000.0,1601000.0,,,,1601000.0,,,,,,,1350000.0,,,,,,,5400000.0,,1400000.0,,,1300000.0,,950000.0,,3990000.0,,,,,,1601000.0,,2833000.0,,1340000.0,,,,,,1850000.0,,,,,,,,,,,4250000.0,,1250000.0,,,,,,,,,,,,,,,No tenemos asignado bonus a este nivel jer치rquico,No tenemos asignado bonus a este nivel jer치rquico,2 sueldos,No tenemos asignado bonus a este nivel jer치rquico,No tenemos asignado bonus a este nivel jer치rquico,No tenemos asignado bonus a este nivel jer치rquico,Otorgamos SOLO a Directores - Gerentes - Jefes,No,Si,Si,No,No,No,Si,Si,Si,Si,Si,Si,Si,No,No,No,No,No,Si,No,No,Si,No,Si,No,No,No,Si,Regalo de vino de la empresa por el cumplea침os,,,Pyme,Gastronom칤a y Turismo
##########,Industria,51 - 200 empleados,Pymes,26 - 30%,4,20%,En funci칩n de los % que digan las Encuestas Salariales,.,No tenemos previsto incorporar nuevos puestos fuera de convenio en 2025,"Si, a lo largo de todo el a침o",1 - 5 %,,0,11400000.0,,,,,,,,,,2340000.0,1990000.0,,,,,,,,,,,,,,2400000.0,,2250000.0,,2200000.0,,,,,1650000.0,,,11800000.0,,4450000.0,3700000.0,2700000.0,2100000.0,,,,,,,3600000.0,,,3700000.0,,1800000.0,2100000.0,,3600000.0,2000000.0,,,,,,,,,,,,2900000.0,1800000.0,,2600000.0,,,,,6850000.0,,,2100000.0,,,,,,,,,2700000.0,,,,,,4 sueldos,3 sueldos,2 sueldos,2 sueldos,"1,5 sueldos",1 sueldo,Otorgamos a TODOS los niveles Directores - Gerentes - Jefes - Supervisores - Analista - Empleados,Si,Si,Si,No,Si,No,No,Si,Si,No,No,No,Si,No,Si,No,Si,Si,Si,Si,Si,Si,Si,No,No,Si,No,No,.,,,Pyme,Industria
